Date mutation,Nature mutation,Valeur fonciere,Type de voie,Code postal,Commune,Code departement,Code commune,Nombre de lots,Code type local,Type local,Surface reelle bati,Nombre pieces principales,Nature culture,Surface terrain
28/12/2018,Vente,111075.0,,63560.0,TEILHET,63,428,0,1.0,Maison,103.0,4.0,S,343.0
03/12/2019,Vente,270000.0,RUE,91310.0,LEUVILLE-SUR-ORGE,91,333,0,1.0,Maison,80.0,4.0,S,329.0
20/04/2020,Vente,60000.0,RUE,30460.0,LASALLE,30,140,1,2.0,Appartement,87.0,4.0,,
23/06/2018,Vente,136300.0,RUE,63430.0,PONT-DU-CHATEAU,63,284,0,1.0,Maison,77.0,3.0,S,194.0
23/02/2018,Vente,244475.0,CHE,38440.0,ARTAS,38,15,0,1.0,Maison,110.0,4.0,S,706.0
16/01/2019,Vente,75000.0,,33490.0,LE PIAN SUR GARONNE,33,323,0,1.0,Maison,113.0,4.0,S,200.0
18/07/2019,Vente,132000.0,RUE,91270.0,VIGNEUX SUR SEINE,91,657,1,3.0,Dépendance,0.0,0.0,,
15/04/2020,Vente,134000.0,CHE,31400.0,TOULOUSE,31,555,1,2.0,Appartement,73.0,3.0,,
11/05/2021,Vente,115000.0,,11250.0,COUFFOULENS,11,102,0,1.0,Maison,90.0,5.0,S,708.0
31/10/2020,Vente,267000.0,RUE,28000.0,CHARTRES,28,85,0,1.0,Maison,129.0,6.0,S,698.0
12/03/2019,Vente,223500.0,RUE,59110.0,LA MADELEINE,59,368,0,1.0,Maison,133.0,5.0,S,102.0
14/09/2021,Vente,193800.0,CHE,54110.0,ROSIERES-AUX-SALINES,54,462,0,1.0,Maison,92.0,4.0,S,570.0
24/04/2020,Vente,400000.0,RUE,75016.0,PARIS 16,75,116,2,2.0,Appartement,43.0,1.0,,
24/01/2020,Vente,150000.0,RUE,63110.0,BEAUMONT,63,32,0,1.0,Maison,92.0,5.0,S,155.0
25/10/2018,Vente,285000.0,RUE,93260.0,LES LILAS,93,45,3,4.0,Local industriel. commercial ou assimilé,40.0,0.0,,
30/04/2019,Vente,148000.0,RUE,39100.0,DOLE,39,198,0,1.0,Maison,110.0,4.0,S,334.0
22/12/2021,Vente,157000.0,RUE,2370.0,VAILLY-SUR-AISNE,2,758,0,1.0,Maison,71.0,4.0,S,774.0
31/05/2019,Vente,288700.0,RUE,26320.0,SAINT-MARCEL-LES-VALENCE,26,313,0,1.0,Maison,130.0,7.0,S,472.0
31/05/2019,Vente,237000.0,,85190.0,MACHE,85,130,0,1.0,Maison,160.0,5.0,S,578.0
27/05/2019,Vente,332750.0,RUE,78000.0,VERSAILLES,78,646,1,2.0,Appartement,71.0,3.0,,
24/09/2019,Vente,24000.0,RTE,58300.0,DECIZE,58,95,2,2.0,Appartement,38.0,1.0,,
05/06/2020,Vente,125000.0,BD,95100.0,ARGENTEUIL,95,18,2,2.0,Appartement,49.0,2.0,,
17/09/2021,Vente,98000.0,,21250.0,BOUSSELANGE,21,95,0,1.0,Maison,105.0,6.0,S,1000.0
30/07/2019,Vente,90000.0,CRS,6800.0,CAGNES SUR MER,6,27,1,2.0,Appartement,30.0,1.0,,
12/09/2019,Vente,75000.0,VEN,85580.0,SAINT-MICHEL-EN-L HERM,85,255,0,1.0,Maison,50.0,3.0,S,568.0
27/09/2018,Vente,65000.0,RUE,29200.0,BREST,29,19,2,2.0,Appartement,54.0,3.0,,
01/02/2019,Vente,212500.0,CHE,20090.0,AJACCIO,2A,4,2,2.0,Appartement,85.0,5.0,,
01/02/2018,Vente,189000.0,RUE,60190.0,BAILLEUL LE SOC,60,40,0,1.0,Maison,80.0,3.0,S,304.0
31/12/2020,Vente,19500.0,ALL,78310.0,MAUREPAS,78,383,1,3.0,Dépendance,0.0,0.0,,
30/06/2020,Vente,120000.0,RUE,33180.0,SAINT-ESTEPHE,33,395,0,1.0,Maison,150.0,4.0,S,90.0
07/08/2020,Vente,47000.0,AV,1000.0,BOURG-EN-BRESSE,1,53,2,2.0,Appartement,39.0,1.0,,
15/11/2021,Vente,264367.0,RUE,17132.0,MESCHERS-SUR-GIRONDE,17,230,0,1.0,Maison,98.0,4.0,S,160.0
01/02/2018,Vente,19000.0,AV,34500.0,BEZIERS,34,32,2,4.0,Local industriel. commercial ou assimilé,55.0,0.0,,
23/10/2020,Vente,206000.0,RUE,10000.0,TROYES,10,387,0,1.0,Maison,131.0,5.0,S,291.0
06/02/2020,Vente,75000.0,CHE,26100.0,ROMANS-SUR-ISERE,26,281,0,1.0,Maison,90.0,4.0,S,515.0
24/06/2020,Vente,11500.0,ALL,95330.0,DOMONT,95,199,1,3.0,Dépendance,0.0,0.0,,
19/05/2020,Vente,48000.0,RUE,62119.0,DOURGES,62,274,0,1.0,Maison,87.0,4.0,S,91.0
13/05/2020,Vente en l'état futur d'achèvement,113599.0,AV,59000.0,LILLE,59,350,1,4.0,Local industriel. commercial ou assimilé,18.0,0.0,,
25/04/2018,Vente,200400.0,RUE,77700.0,BAILLY-ROMAINVILLIERS,77,18,0,1.0,Maison,89.0,5.0,S,191.0
27/09/2018,Vente,430000.0,RUE,83140.0,SIX-FOURS-LES-PLAGES,83,129,0,1.0,Maison,106.0,4.0,S,78.0
29/04/2021,Vente,140000.0,RUE,75009.0,PARIS 09,75,109,2,2.0,Appartement,31.0,3.0,,
05/10/2018,Vente,85000.0,,69930.0,SAINT-CLEMENT-LES-PLACES,69,187,0,1.0,Maison,81.0,2.0,S,277.0
19/02/2021,Vente,14500.0,ALL,94260.0,FRESNES,94,34,1,3.0,Dépendance,0.0,0.0,,
20/10/2021,Vente,214000.0,TRA,13400.0,AUBAGNE,13,5,0,1.0,Maison,45.0,2.0,S,206.0
30/07/2019,Vente,410000.0,RUE,75004.0,PARIS 04,75,104,2,4.0,Local industriel. commercial ou assimilé,26.0,0.0,,
03/05/2018,Vente,650000.0,SQ,75016.0,PARIS 16,75,116,2,2.0,Appartement,66.0,2.0,,
05/08/2020,Vente,300000.0,RUE,75012.0,PARIS 12,75,112,1,2.0,Appartement,31.0,2.0,,
09/05/2019,Vente,177500.0,RUE,78320.0,LEVIS-SAINT-NOM,78,334,0,1.0,Maison,125.0,5.0,S,909.0
12/07/2018,Vente,110000.0,RUE,8000.0,VILLERS SEMEUSE,8,480,0,1.0,Maison,96.0,3.0,S,289.0
02/10/2019,Vente,140000.0,,79200.0,CHATILLON SUR THOUET,79,80,0,1.0,Maison,140.0,5.0,S,817.0
04/03/2020,Vente,98000.0,RUE,35390.0,GRAND-FOUGERAY,35,124,0,1.0,Maison,84.0,3.0,S,156.0
17/04/2018,Vente,180000.0,AV,86530.0,NAINTRE,86,174,0,1.0,Maison,163.0,6.0,S,1135.0
03/10/2019,Vente,462100.0,CHE,69360.0,SOLAIZE,69,296,0,1.0,Maison,97.0,5.0,S,863.0
07/09/2020,Vente,700000.0,RUE,69580.0,SATHONAY-VILLAGE,69,293,0,1.0,Maison,118.0,3.0,S,1977.0
09/04/2018,Vente,185000.0,RUE,21110.0,TART-LE-HAUT,21,623,0,1.0,Maison,90.0,4.0,S,30.0
29/04/2021,Vente,198000.0,RUE,25000.0,BESANCON,25,56,0,1.0,Maison,98.0,4.0,S,257.0
05/03/2021,Vente,70000.0,RUE,59540.0,CAUDRY,59,139,0,1.0,Maison,74.0,5.0,S,400.0
04/11/2019,Vente,160000.0,RUE,91810.0,VERT LE GRAND,91,648,1,2.0,Appartement,39.0,1.0,,
02/04/2019,Vente,300000.0,AV,17140.0,LAGORD,17,200,0,1.0,Maison,140.0,8.0,S,551.0
10/10/2019,Vente,123000.0,RUE,26000.0,VALENCE,26,362,1,3.0,Dépendance,0.0,0.0,,
23/08/2018,Vente,16500.0,RUE,92160.0,ANTONY,92,2,1,3.0,Dépendance,0.0,0.0,,
18/12/2020,Vente,47049.79,AV,78000.0,VERSAILLES,78,646,1,2.0,Appartement,32.0,1.0,,
13/11/2019,Vente,102000.0,RUE,70000.0,NAVENNE,70,378,0,1.0,Maison,72.0,4.0,S,515.0
30/04/2019,Vente,147000.0,AV,69250.0,NEUVILLE SUR SAONE,69,143,2,2.0,Appartement,62.0,3.0,,
19/07/2019,Vente,635000.0,RUE,69740.0,GENAS,69,277,0,1.0,Maison,151.0,5.0,S,829.0
08/06/2018,Vente,140000.0,RUE,25530.0,VERCEL VILLEDIEU LE CAMP,25,601,0,1.0,Maison,85.0,4.0,J,115.0
16/11/2020,Vente,2775000.0,RUE,6400.0,CANNES,6,29,1,3.0,Dépendance,0.0,0.0,,
21/08/2020,Vente,527800.0,RUE,33700.0,MERIGNAC,33,281,0,1.0,Maison,107.0,5.0,S,502.0
13/05/2020,Vente,157700.0,RUE,62118.0,FAMPOUX,62,323,0,1.0,Maison,130.0,4.0,S,646.0
19/10/2018,Vente,130000.0,RUE,44370.0,LOIREAUXENCE,44,213,0,1.0,Maison,79.0,3.0,S,673.0
04/09/2020,Vente,327345.0,RUE,75018.0,PARIS 18,75,118,1,2.0,Appartement,55.0,2.0,,
05/07/2018,Vente,60000.0,,16230.0,LUXE,16,196,0,1.0,Maison,61.0,3.0,S,495.0
31/03/2021,Vente,135000.0,RUE,60280.0,MARGNY LES COMPIEGNE,60,382,0,1.0,Maison,72.0,3.0,S,170.0
06/12/2018,Vente,36000.0,RUE,75017.0,PARIS 17,75,117,1,3.0,Dépendance,0.0,0.0,,
29/04/2021,Vente,37000.0,,20229.0,CARCHETO BRUSTICO,2B,63,5,1.0,Maison,98.0,5.0,,
06/05/2021,Vente,90000.0,CHE,69480.0,LUCENAY,69,122,0,4.0,Local industriel. commercial ou assimilé,0.0,0.0,,
02/08/2019,Vente,115050.0,RUE,42370.0,SAINT-ANDRE-D APCHON,42,199,0,1.0,Maison,120.0,4.0,S,110.0
04/09/2019,Vente,95200.0,BD,4100.0,MANOSQUE,4,112,2,2.0,Appartement,67.0,4.0,,
12/10/2021,Vente,235000.0,RUE,91300.0,MASSY,91,377,1,3.0,Dépendance,0.0,0.0,,
30/03/2018,Vente,109000.0,IMP,71480.0,DOMMARTIN-LES-CUISEAUX,71,177,0,1.0,Maison,115.0,6.0,S,1070.0
03/09/2021,Vente,370000.0,RUE,62126.0,WIMILLE,62,894,0,1.0,Maison,123.0,3.0,S,554.0
27/12/2019,Vente,146050.0,RUE,25410.0,SAINT VIT,25,527,0,1.0,Maison,86.0,4.0,S,1122.0
07/08/2020,Vente,240000.0,RTE,78480.0,VERNEUIL SUR SEINE,78,642,0,1.0,Maison,74.0,4.0,S,379.0
05/07/2018,Vente,210000.0,RUE,13001.0,MARSEILLE 1ER,13,201,1,2.0,Appartement,48.0,2.0,,
30/09/2021,Vente,155000.0,RUE,50190.0,PERIERS,50,394,0,1.0,Maison,101.0,4.0,S,632.0
29/01/2021,Vente,95000.0,RUE,79000.0,NIORT,79,191,0,1.0,Maison,72.0,5.0,S,155.0
04/05/2021,Vente,40000.0,RUE,2220.0,SERMOISE,2,714,0,3.0,Dépendance,0.0,0.0,S,166.0
02/04/2021,Vente,161880.0,RES,34110.0,VIC-LA-GARDIOLE,34,333,1,3.0,Dépendance,0.0,0.0,,
25/02/2021,Vente,160450.0,RUE,30000.0,NIMES,30,189,1,2.0,Appartement,70.0,3.0,,
13/05/2019,Vente,200000.0,AV,92400.0,COURBEVOIE,92,26,2,2.0,Appartement,99.0,5.0,,
30/08/2018,Vente,37000.0,RUE,34140.0,MEZE,34,157,1,2.0,Appartement,16.0,2.0,,
30/01/2020,Vente,79500.0,PL,30300.0,COMPS,30,89,0,1.0,Maison,77.0,4.0,S,45.0
26/03/2021,Vente,331000.0,IMP,1600.0,MISERIEUX,1,250,0,1.0,Maison,115.0,4.0,S,500.0
23/01/2020,Vente,192000.0,BD,86100.0,CHATELLERAULT,86,66,0,1.0,Maison,90.0,5.0,S,426.0
23/02/2021,Vente,300000.0,RUE,93100.0,MONTREUIL,93,48,1,3.0,Dépendance,0.0,0.0,,
26/07/2018,Vente,89000.0,RTE,37220.0,BRIZAY,37,40,0,1.0,Maison,121.0,7.0,S,1499.0
11/12/2020,Vente,58201.0,AV,65200.0,BAGNERES-DE-BIGORRE,65,59,1,2.0,Appartement,32.0,1.0,,
16/11/2018,Vente,10000.0,RUE,84600.0,VALREAS,84,138,1,2.0,Appartement,16.0,0.0,,
03/05/2021,Vente,92500.0,RUE,79390.0,AUBIGNY,79,19,0,1.0,Maison,129.0,4.0,S,777.0
21/07/2020,Vente,70000.0,AV,6000.0,NICE,6,88,1,2.0,Appartement,45.0,2.0,,
25/11/2019,Vente,55000.0,IMP,11100.0,NARBONNE,11,262,2,2.0,Appartement,45.0,2.0,,
30/10/2018,Vente,43500.0,RUE,63000.0,CLERMONT FERRAND,63,113,1,2.0,Appartement,55.0,3.0,,
24/01/2019,Vente,23000.0,ALL,30900.0,NIMES,30,189,2,2.0,Appartement,64.0,3.0,,
12/10/2018,Vente,16000.0,,87440.0,MAISONNAIS-SUR-TARDOIRE,87,91,0,1.0,Maison,69.0,3.0,S,53.0
18/12/2018,Vente,156000.0,RUE,55000.0,BAR LE DUC,55,29,0,1.0,Maison,138.0,5.0,S,80.0
02/12/2019,Vente,52100.0,,13710.0,FUVEAU,13,40,1,4.0,Local industriel. commercial ou assimilé,267.0,0.0,,
26/06/2018,Vente,95500.0,RUE,35410.0,CHATEAUGIRON,35,69,2,2.0,Appartement,39.0,2.0,,
15/07/2019,Vente,150000.0,PL,60290.0,MONCHY ST ELOI,60,409,0,1.0,Maison,90.0,4.0,S,471.0
07/02/2020,Vente,250000.0,ALL,33320.0,LE TAILLAN MEDOC,33,519,1,1.0,Maison,132.0,5.0,,
16/02/2018,Vente,153000.0,RUE,72300.0,SABLE SUR SARTHE,72,264,0,1.0,Maison,64.0,4.0,S,223.0
13/08/2018,Vente,90000.0,RUE,29200.0,BREST,29,19,0,1.0,Maison,102.0,4.0,S,184.0
24/03/2021,Vente,75000.0,,35120.0,ROZ-LANDRIEUX,35,246,0,1.0,Maison,72.0,3.0,S,258.0
27/12/2021,Vente,73000.0,RUE,70200.0,LURE,70,310,1,2.0,Appartement,58.0,2.0,,
24/06/2019,Vente,80000.0,RUE,80140.0,HUPPY,80,446,0,1.0,Maison,84.0,5.0,S,295.0
29/12/2021,Vente,182000.0,RUE,35111.0,LA FRESNAIS,35,116,0,1.0,Maison,77.0,5.0,S,418.0
30/06/2020,Vente,396077.1,RUE,17570.0,LES MATHES,17,225,0,1.0,Maison,101.0,4.0,S,354.0
28/02/2020,Vente,290000.0,RUE,75003.0,PARIS 03,75,103,2,2.0,Appartement,20.0,1.0,,
13/06/2018,Vente,93000.0,RUE,47000.0,AGEN,47,1,0,1.0,Maison,74.0,4.0,S,308.0
13/10/2021,Vente,369900.0,RUE,62360.0,HESDIGNEUL-LES-BOULOGNE,62,446,0,1.0,Maison,143.0,4.0,S,730.0
15/06/2019,Vente,36919.9,RUE,35460.0,MAEN ROCH,35,257,0,1.0,Maison,119.0,5.0,S,652.0
03/02/2021,Vente,380000.0,RUE,59139.0,WATTIGNIES,59,648,0,1.0,Maison,145.0,9.0,S,516.0
30/04/2021,Vente,70000.0,,69430.0,SAINT-DIDIER-SUR-BEAUJEU,69,196,0,1.0,Maison,50.0,2.0,S,780.0
29/04/2021,Vente,78000.0,,28250.0,SENONCHES,28,373,0,1.0,Maison,60.0,3.0,S,450.0
05/06/2020,Vente,365000.0,CRS,51100.0,REIMS,51,454,2,2.0,Appartement,101.0,3.0,,
05/05/2021,Vente,116500.0,RUE,25410.0,SAINT VIT,25,527,2,2.0,Appartement,52.0,3.0,,
05/12/2018,Vente,50000.0,RUE,55300.0,SAMPIGNY,55,467,0,4.0,Local industriel. commercial ou assimilé,2016.0,0.0,S,2464.0
12/04/2018,Vente,269000.0,IMP,97233.0,SCHOELCHER,972,29,0,1.0,Maison,125.0,4.0,S,1324.0
28/03/2018,Vente,9900.0,RUE,93300.0,AUBERVILLIERS,93,1,1,3.0,Dépendance,0.0,0.0,,
27/07/2021,Vente,140000.0,PAS,75018.0,PARIS 18,75,118,1,2.0,Appartement,14.0,1.0,,
10/09/2019,Vente,120000.0,,85110.0,SAINT-VINCENT-STERLANGES,85,276,0,1.0,Maison,123.0,5.0,S,246.0
22/10/2020,Vente,120000.0,RUE,9100.0,PAMIERS,9,225,0,1.0,Maison,76.0,4.0,S,136.0
28/08/2020,Vente,30000.0,,35190.0,TINTENIAC,35,337,0,1.0,Maison,80.0,2.0,S,2137.0
09/04/2018,Vente,35000.0,RUE,34000.0,MONTPELLIER,34,172,1,3.0,Dépendance,0.0,0.0,,
09/08/2019,Vente,70400.0,AV,56400.0,AURAY,56,7,1,2.0,Appartement,28.0,1.0,,
08/07/2021,Vente,303000.0,RUE,54180.0,HOUDEMONT,54,265,0,1.0,Maison,124.0,7.0,S,255.0
21/10/2019,Vente,40000.0,BD,43000.0,LE PUY EN VELAY,43,157,2,2.0,Appartement,73.0,3.0,,
14/10/2021,Vente,420000.0,AV,13090.0,AIX EN PROVENCE,13,1,0,1.0,Maison,49.0,3.0,S,316.0
21/03/2019,Vente,208000.0,,69640.0,LACENAS,69,105,0,1.0,Maison,122.0,4.0,S,505.0
08/09/2020,Vente,90090.0,ALL,1960.0,PERONNAS,1,289,0,1.0,Maison,83.0,5.0,S,454.0
04/07/2018,Vente,208000.0,RUE,42610.0,SAINT-GEORGES-HAUTE-VILLE,42,228,0,1.0,Maison,98.0,4.0,S,799.0
06/04/2018,Vente,120000.0,,11120.0,SAINTE VALIERE,11,366,0,3.0,Dépendance,0.0,0.0,S,2436.0
13/12/2021,Vente,30000.0,RUE,3410.0,DOMERAT,3,101,0,1.0,Maison,42.0,2.0,S,33.0
26/10/2021,Vente,300000.0,RUE,89140.0,VINNEUF,89,480,0,1.0,Maison,68.0,4.0,S,441.0
28/06/2018,Vente,292000.0,RUE,35700.0,RENNES,35,238,2,2.0,Appartement,93.0,4.0,,
15/10/2019,Vente,74000.0,BD,58000.0,NEVERS,58,194,0,1.0,Maison,72.0,4.0,S,351.0
01/08/2018,Vente,98000.0,RUE,77460.0,SOUPPES-SUR-LOING,77,458,0,1.0,Maison,70.0,3.0,S,266.0
26/09/2019,Vente,75000.0,AV,6000.0,NICE,6,88,1,3.0,Dépendance,0.0,0.0,,
30/11/2019,Vente,150000.0,,29250.0,PLOUGOULM,29,192,0,1.0,Maison,100.0,4.0,S,905.0
14/02/2020,Vente,155500.0,RUE,76800.0,SAINT-ETIENNE-DU-ROUVRAY,76,575,0,1.0,Maison,80.0,4.0,S,657.0
24/06/2020,Vente,105000.0,RUE,75013.0,PARIS 13,75,113,1,2.0,Appartement,7.0,1.0,,
09/12/2020,Vente,95000.0,RUE,80000.0,AMIENS,80,21,0,1.0,Maison,71.0,4.0,S,95.0
04/05/2019,Vente,115600.0,BD,3200.0,VICHY,3,310,2,2.0,Appartement,70.0,2.0,,
28/12/2020,Vente,14000.0,RUE,53120.0,GORRON,53,107,0,1.0,Maison,60.0,3.0,S,92.0
18/12/2020,Vente,435000.0,RES,13330.0,PELISSANNE,13,69,0,1.0,Maison,150.0,4.0,S,1248.0
12/05/2021,Vente,72500.0,CITE,22530.0,SAINT-GILLES-VIEUX-MARCHE,22,295,0,1.0,Maison,99.0,4.0,S,422.0
17/12/2018,Vente,110000.0,RUE,59310.0,AIX-EN-PEVELE,59,4,0,1.0,Maison,88.0,4.0,S,151.0
02/08/2019,Vente,144270.0,RUE,34570.0,PIGNAN,34,202,0,1.0,Maison,48.0,2.0,S,33.0
25/06/2018,Vente,230000.0,RUE,76760.0,YERVILLE,76,752,0,1.0,Maison,120.0,5.0,S,909.0
09/07/2021,Vente,251000.0,CHEM,33480.0,MOULIS-EN-MEDOC,33,297,0,1.0,Maison,110.0,6.0,S,1134.0
22/01/2021,Vente,435000.0,PAS,94200.0,IVRY-SUR-SEINE,94,41,1,1.0,Maison,63.0,3.0,,
31/03/2020,Vente,250000.0,PL,1200.0,VALSERHONE,1,33,5,4.0,Local industriel. commercial ou assimilé,152.0,0.0,,
11/06/2018,Vente,174000.0,RUE,70600.0,CHAMPLITTE,70,122,0,1.0,Maison,160.0,7.0,S,517.0
15/06/2020,Vente,110000.0,RUE,59185.0,PROVIN,59,477,0,1.0,Maison,65.0,3.0,S,94.0
05/08/2021,Vente,180500.0,RUE,60510.0,THERDONNE,60,628,0,1.0,Maison,107.0,4.0,S,304.0
12/06/2019,Vente,55000.0,RUE,60240.0,CHAUMONT-EN-VEXIN,60,143,2,2.0,Appartement,35.0,2.0,,
24/01/2019,Vente,155600.0,PL,69001.0,LYON 1ER,69,381,1,2.0,Appartement,26.0,1.0,,
05/12/2018,Vente,230000.0,RUE,22410.0,SAINT-QUAY-PORTRIEUX,22,325,0,1.0,Maison,63.0,3.0,S,111.0
05/02/2021,Vente,162000.0,RTE,18200.0,SAINT-AMAND-MONTROND,18,197,0,1.0,Maison,123.0,4.0,S,515.0
21/10/2021,Vente,491300.0,BD,40130.0,CAPBRETON,40,65,0,1.0,Maison,62.0,4.0,S,284.0
10/09/2018,Vente,200000.0,,49330.0,ETRICHE,49,132,0,1.0,Maison,146.0,5.0,S,80.0
30/06/2020,Vente,465000.0,BD,44250.0,SAINT BREVIN LES PINS,44,154,0,1.0,Maison,105.0,5.0,S,444.0
21/12/2021,Vente,310000.0,RUE,75018.0,PARIS 18,75,118,1,2.0,Appartement,29.0,2.0,,
16/06/2020,Vente,112800.0,RUE,56100.0,LORIENT,56,121,1,4.0,Local industriel. commercial ou assimilé,70.0,0.0,,
10/06/2020,Vente,120000.0,RUE,60600.0,CLERMONT,60,157,0,1.0,Maison,74.0,3.0,S,200.0
19/04/2018,Vente,212000.0,RUE,51100.0,REIMS,51,454,0,1.0,Maison,101.0,5.0,S,292.0
03/08/2018,Vente,140000.0,RUE,32800.0,EAUZE,32,119,0,1.0,Maison,93.0,5.0,S,957.0
29/11/2019,Vente,944000.0,RUE,64600.0,ANGLET,64,24,0,1.0,Maison,60.0,2.0,S,837.0
05/02/2020,Vente,34351.0,RUE,75015.0,PARIS 15,75,115,1,3.0,Dépendance,0.0,0.0,,
19/06/2018,Vente,396000.0,AV,91160.0,SAULX-LES-CHARTREUX,91,587,0,1.0,Maison,100.0,4.0,S,656.0
03/10/2018,Vente,75600.0,RUE,69005.0,LYON 5EME,69,385,1,2.0,Appartement,19.0,1.0,,
11/05/2021,Vente,255000.0,RUE,97217.0,ANSES D'ARLET,972,2,0,1.0,Maison,100.0,4.0,S,356.0
16/07/2019,Expropriation,,RUE,93400.0,SAINT-OUEN-SUR-SEINE,93,70,0,4.0,Local industriel. commercial ou assimilé,0.0,0.0,S,75.0
25/10/2019,Vente,140500.0,RTE,60510.0,ROCHY CONDE,60,542,0,1.0,Maison,166.0,4.0,S,115.0
20/05/2019,Vente,33500.0,RUE,56100.0,LORIENT,56,121,1,2.0,Appartement,18.0,1.0,,
15/11/2019,Vente,381150.0,CHE,69250.0,NEUVILLE SUR SAONE,69,143,0,1.0,Maison,111.0,4.0,,
10/01/2019,Vente,40000.0,RUE,2800.0,VENDEUIL,2,775,0,1.0,Maison,52.0,3.0,S,240.0
30/09/2019,Vente,135248.0,PL,36150.0,VATAN,36,230,2,4.0,Local industriel. commercial ou assimilé,73.0,0.0,,
07/10/2021,Vente,354400.0,IMP,31200.0,TOULOUSE,31,555,0,1.0,Maison,89.0,4.0,S,387.0
10/07/2019,Vente,163684.84,CHE,20090.0,AJACCIO,2A,4,1,2.0,Appartement,66.0,4.0,,
29/01/2018,Vente,700000.0,,26290.0,DONZERE,26,116,0,4.0,Local industriel. commercial ou assimilé,,,S,10000.0
02/11/2021,Vente,18000.0,RUE,69210.0,L ARBRESLE,69,10,1,3.0,Dépendance,0.0,0.0,,
07/10/2021,Vente,252500.0,RTE,21490.0,VAROIS ET CHAIGNOT,21,657,0,1.0,Maison,86.0,4.0,S,613.0
22/07/2019,Vente,87000.0,,81200.0,MAZAMET,81,163,0,1.0,Maison,95.0,2.0,S,470.0
13/01/2018,Vente,62000.0,RES,85470.0,BRETIGNOLLES-SUR-MER,85,35,1,1.0,Maison,12.0,1.0,,
30/07/2019,Vente,320000.0,RUE,95420.0,SAINT-GERVAIS,95,554,0,1.0,Maison,123.0,5.0,S,40.0
08/06/2018,Vente,180000.0,RUE,22360.0,LANGUEUX,22,106,0,1.0,Maison,108.0,5.0,S,435.0
12/10/2020,Vente,193000.0,AV,94400.0,VITRY-SUR-SEINE,94,81,2,2.0,Appartement,55.0,3.0,,
22/11/2019,Vente,183000.0,IMP,40090.0,SAINT-MARTIN-D ONEY,40,274,0,1.0,Maison,115.0,5.0,S,1138.0
09/03/2020,Vente,520000.0,RUE,75020.0,PARIS 20,75,120,6,2.0,Appartement,55.0,3.0,,
21/12/2018,Vente,400000.0,AV,94210.0,SAINT-MAUR-DES-FOSSES,94,68,4,4.0,Local industriel. commercial ou assimilé,129.0,0.0,,
17/07/2018,Vente,185500.0,RUE,30900.0,NIMES,30,189,3,2.0,Appartement,96.0,4.0,,
04/08/2020,Vente,183035.0,AV,30650.0,ROCHEFORT-DU-GARD,30,217,0,1.0,Maison,73.0,4.0,S,292.0
24/06/2020,Vente,156000.0,,33720.0,CERONS,33,120,0,1.0,Maison,90.0,3.0,S,245.0
28/12/2020,Vente,112780.0,ALL,97429.0,PETITE ILE,974,5,0,1.0,Maison,70.0,3.0,S,245.0
30/07/2020,Vente,220000.0,AV,14390.0,CABOURG,14,117,0,1.0,Maison,57.0,3.0,S,69.0
15/07/2021,Vente,189500.0,RUE,62670.0,MAZINGARBE,62,563,0,1.0,Maison,103.0,5.0,S,531.0
28/01/2020,Vente,166000.0,BD,49100.0,ANGERS,49,7,0,1.0,Maison,87.0,4.0,S,179.0
25/10/2019,Vente,150000.0,ALL,95200.0,SARCELLES,95,585,2,2.0,Appartement,72.0,3.0,,
16/08/2018,Vente,400000.0,RUE,5000.0,GAP,5,61,0,1.0,Maison,192.0,6.0,S,1006.0
24/07/2020,Vente,380000.0,RUE,35800.0,DINARD,35,93,0,1.0,Maison,118.0,5.0,S,378.0
21/12/2018,Vente,240000.0,RUE,44400.0,REZE,44,143,0,1.0,Maison,104.0,4.0,S,136.0
22/10/2021,Vente,2050000.0,BD,75017.0,PARIS 17,75,117,3,4.0,Local industriel. commercial ou assimilé,221.0,0.0,,
03/09/2019,Vente,360000.0,AV,64200.0,BIARRITZ,64,122,0,1.0,Maison,100.0,5.0,S,273.0
01/08/2018,Vente,130890.0,,38350.0,SUSVILLE,38,499,0,3.0,Dépendance,0.0,0.0,S,230.0
18/07/2018,Vente,92000.0,RUE,25000.0,BESANCON,25,56,2,2.0,Appartement,71.0,4.0,,
17/07/2018,Vente,250000.0,RUE,94120.0,FONTENAY-SOUS-BOIS,94,33,2,2.0,Appartement,54.0,2.0,,
20/06/2018,Vente,116000.0,RUE,63800.0,COURNON D AUVERGNE,63,124,2,2.0,Appartement,76.0,4.0,,
29/05/2019,Vente,178050.0,,29290.0,SAINT RENAN,29,260,0,1.0,Maison,122.0,6.0,S,1320.0
24/08/2018,Vente,179500.0,HAM,85470.0,BRETIGNOLLES-SUR-MER,85,35,0,1.0,Maison,60.0,3.0,S,313.0
19/06/2018,Vente,260000.0,AV,13940.0,MOLLEGES,13,64,0,1.0,Maison,77.0,4.0,S,932.0
02/08/2019,Vente,180000.0,RUE,85670.0,SAINT-ETIENNE-DU-BOIS,85,210,0,1.0,Maison,104.0,4.0,S,574.0
28/06/2018,Vente,110000.0,RUE,59770.0,MARLY,59,383,0,4.0,Local industriel. commercial ou assimilé,3093.0,0.0,S,4957.0
25/10/2019,Vente,325000.0,AV,95100.0,ARGENTEUIL,95,18,0,1.0,Maison,87.0,5.0,S,239.0
29/05/2019,Vente,150000.0,RUE,45680.0,DORDIVES,45,127,0,1.0,Maison,90.0,4.0,S,1000.0
06/12/2019,Vente,172500.0,RUE,14000.0,CAEN,14,118,2,2.0,Appartement,67.0,4.0,,
02/03/2018,Vente,202100.0,RUE,44120.0,VERTOU,44,215,0,1.0,Maison,100.0,6.0,S,123.0
15/03/2019,Vente,122500.0,RUE,49100.0,ANGERS,49,7,0,1.0,Maison,67.0,3.0,S,159.0
03/09/2019,Vente,205000.0,RUE,80430.0,BEAUCAMPS-LE-VIEUX,80,62,0,1.0,Maison,99.0,3.0,S,646.0
27/06/2018,Vente,337500.0,AV,91420.0,MORANGIS,91,432,0,1.0,Maison,70.0,4.0,S,355.0
11/06/2019,Vente,57500.0,RUE,59540.0,INCHY,59,321,0,1.0,Maison,88.0,3.0,S,202.0
09/09/2021,Vente,178900.0,RUE,30300.0,VALLABREGUES,30,336,0,1.0,Maison,64.0,3.0,S,49.0
30/09/2019,Vente,595000.0,RUE,17220.0,SALLES-SUR-MER,17,420,0,1.0,Maison,232.0,6.0,S,1020.0
20/11/2021,Vente,61000.0,,45220.0,CHATEAU-RENARD,45,83,0,1.0,Maison,72.0,3.0,S,463.0
17/06/2019,Vente,233400.0,CHE,84450.0,SAINT-SATURNIN-LES-AVIGNON,84,119,0,1.0,Maison,100.0,5.0,S,475.0
07/06/2018,Vente,121000.0,ALL,93340.0,LE RAINCY,93,62,2,2.0,Appartement,55.0,3.0,,
24/01/2020,Vente,147000.0,RUE,35410.0,CHATEAUGIRON,35,69,0,1.0,Maison,58.0,4.0,S,57.0
02/07/2019,Vente,170000.0,PL,10000.0,TROYES,10,387,1,2.0,Appartement,21.0,1.0,,
16/07/2021,Vente,60000.0,,56230.0,MOLAC,56,135,0,1.0,Maison,84.0,3.0,S,120.0
12/06/2019,Vente,395000.0,RUE,33290.0,BLANQUEFORT,33,56,0,1.0,Maison,94.0,5.0,S,786.0
21/02/2020,Vente,115000.0,,12310.0,GAILLAC-D AVEYRON,12,107,0,1.0,Maison,47.0,2.0,S,1445.0
07/08/2018,Vente,295100.0,BD,81100.0,CASTRES,81,65,0,1.0,Maison,176.0,5.0,S,706.0
22/10/2019,Vente,15000.0,ALL,93330.0,NEUILLY-SUR-MARNE,93,50,1,3.0,Dépendance,0.0,0.0,,
21/10/2020,Vente,257000.0,RUE,91280.0,SAINT-PIERRE-DU-PERRAY,91,573,0,1.0,Maison,118.0,6.0,S,176.0
01/08/2019,Vente,276865.0,RUE,29250.0,SANTEC,29,273,0,1.0,Maison,148.0,6.0,S,1000.0
21/08/2019,Vente,100000.0,CHE,74940.0,ANNECY,74,10,2,2.0,Appartement,26.0,1.0,,
07/06/2018,Vente,200000.0,RUE,78180.0,MONTIGNY LE BRETONNEUX,78,423,1,2.0,Appartement,50.0,2.0,,
30/08/2018,Vente,221000.0,RUE,9100.0,PAMIERS,9,225,0,1.0,Maison,142.0,4.0,S,304.0
03/02/2020,Vente,168000.0,,62340.0,HAMES BOUCRES,62,408,0,1.0,Maison,124.0,5.0,S,537.0
13/08/2020,Vente,190000.0,RUE,59840.0,PERENCHIES,59,457,0,1.0,Maison,96.0,4.0,S,275.0
12/06/2020,Vente,65000.0,RUE,49490.0,NOYANT-VILLAGES,49,228,0,1.0,Maison,90.0,5.0,S,338.0
12/06/2019,Vente,320000.0,AV,78180.0,MONTIGNY LE BRETONNEUX,78,423,1,3.0,Dépendance,0.0,0.0,,
11/01/2021,Vente,575000.0,RUE,75016.0,PARIS 16,75,116,2,2.0,Appartement,36.0,3.0,,
16/01/2020,Vente,50000.0,RUE,75016.0,PARIS 16,75,116,1,3.0,Dépendance,0.0,0.0,,
17/05/2019,Vente,268000.0,RUE,49800.0,TRELAZE,49,353,0,1.0,Maison,107.0,5.0,S,247.0
24/08/2018,Vente,351000.0,RUE,74200.0,MARGENCEL,74,163,0,1.0,Maison,90.0,5.0,S,238.0
06/05/2021,Vente,493300.0,ALL,59510.0,HEM,59,299,0,1.0,Maison,112.0,6.0,S,429.0
05/07/2021,Vente,48000.0,RUE,10360.0,ESSOYES,10,141,0,1.0,Maison,93.0,5.0,S,388.0
19/02/2021,Vente,141800.0,RUE,59800.0,LILLE,59,350,0,1.0,Maison,72.0,4.0,S,52.0
26/11/2021,Vente,304500.0,IMP,34540.0,BALARUC LES BAINS,34,23,0,1.0,Maison,78.0,4.0,S,255.0
23/11/2018,Vente,80000.0,RES,11560.0,FLEURY D AUDE,11,145,1,1.0,Maison,27.0,1.0,,
24/09/2018,Vente,531000.0,CHE,44210.0,PORNIC,44,131,0,1.0,Maison,134.0,4.0,S,443.0
30/03/2021,Vente,565000.0,BD,44100.0,NANTES,44,109,0,1.0,Maison,127.0,5.0,S,418.0
17/08/2021,Vente,98470.0,CHE,83470.0,SEILLONS-SOURCE-D ARGENS,83,125,1,2.0,Appartement,28.0,1.0,,
22/12/2020,Vente,275000.0,PARC,29233.0,CLEDER,29,30,0,4.0,Local industriel. commercial ou assimilé,1250.0,0.0,S,1500.0
17/08/2018,Vente,398000.0,,44320.0,CHAUMES-EN-RETZ,44,5,0,1.0,Maison,118.0,5.0,S,993.0
04/03/2019,Vente,402580.0,RUE,33114.0,LE BARP,33,29,0,1.0,Maison,140.0,4.0,S,1166.0
16/08/2019,Vente,13000.0,,35120.0,MONT-DOL,35,186,0,3.0,Dépendance,0.0,0.0,S,35.0
17/04/2020,Vente,140000.0,RUE,14100.0,SAINT-MARTIN-DE-LA-LIEUE,14,625,0,1.0,Maison,108.0,5.0,S,328.0
22/04/2021,Vente,15000.0,RUE,59800.0,LILLE,59,350,1,2.0,Appartement,58.0,2.0,,
28/10/2020,Vente,208000.0,RUE,49120.0,CHEMILLE-EN-ANJOU,49,92,0,1.0,Maison,101.0,4.0,S,884.0
29/09/2020,Vente,40000.0,PTTE,6540.0,BREIL-SUR-ROYA,6,23,2,2.0,Appartement,31.0,1.0,,
21/09/2021,Vente,470000.0,,84480.0,LACOSTE,84,58,0,1.0,Maison,170.0,5.0,S,1380.0
24/08/2020,Vente,91000.0,RUE,70000.0,COLOMBE-LES-VESOUL,70,162,0,1.0,Maison,185.0,5.0,S,1168.0
25/11/2021,Vente,125000.0,CHE,13360.0,ROQUEVAIRE,13,86,0,1.0,Maison,60.0,3.0,S,681.0
23/01/2021,Vente,508000.0,LOT,20166.0,PIETROSELLA,2A,228,1,1.0,Maison,95.0,4.0,,
06/11/2020,Vente,430000.0,RUE,69380.0,LISSIEU,69,117,0,1.0,Maison,107.0,5.0,S,1000.0
10/09/2020,Vente,45500.0,PAS,59129.0,AVESNES-LES-AUBERT,59,37,0,1.0,Maison,108.0,4.0,S,135.0
07/09/2018,Vente,493000.0,AV,93250.0,VILLEMOMBLE,93,77,0,1.0,Maison,122.0,4.0,S,441.0
03/06/2019,Vente,139300.0,AV,49100.0,ANGERS,49,7,1,2.0,Appartement,84.0,4.0,,
20/09/2019,Vente,153200.0,RUE,59113.0,SECLIN,59,560,0,1.0,Maison,106.0,6.0,S,75.0
30/09/2019,Vente,235000.0,RUE,22600.0,LOUDEAC,22,136,0,1.0,Maison,116.0,5.0,S,714.0
15/02/2021,Vente,138900.0,RUE,80170.0,BAYONVILLERS,80,58,0,1.0,Maison,118.0,5.0,S,245.0
29/09/2020,Vente,272130.0,RUE,26500.0,BOURG LES VALENCE,26,58,0,1.0,Maison,104.0,4.0,S,601.0
18/02/2019,Vente,160000.0,RUE,13140.0,MIRAMAS,13,63,1,1.0,Maison,70.0,3.0,,
25/01/2019,Vente,50000.0,,38430.0,MOIRANS,38,239,2,2.0,Appartement,40.0,2.0,,
19/09/2019,Vente,252000.0,RUE,33800.0,BORDEAUX,33,63,0,1.0,Maison,45.0,2.0,S,136.0
04/09/2018,Vente,215000.0,AV,95270.0,BELLOY-EN-FRANCE,95,56,1,1.0,Maison,69.0,4.0,,
20/08/2018,Vente,178700.0,,46150.0,LHERM,46,171,0,1.0,Maison,54.0,1.0,S,945.0
07/10/2020,Vente,173571.0,RUE,69110.0,SAINTE FOY LES LYON,69,202,2,2.0,Appartement,54.0,3.0,,
16/04/2019,Vente en l'état futur d'achèvement,181000.0,RTE,33140.0,VILLENAVE D ORNON,33,550,1,3.0,Dépendance,0.0,0.0,,
28/05/2021,Vente,102000.0,RUE,81710.0,SAIX,81,273,0,1.0,Maison,94.0,4.0,S,349.0
14/10/2020,Vente,270000.0,RUE,77450.0,ESBLY,77,171,0,1.0,Maison,105.0,6.0,S,114.0
04/09/2018,Vente,329930.0,RUE,77950.0,RUBELLES,77,394,0,1.0,Maison,143.0,5.0,S,707.0
14/10/2021,Vente,665000.0,CRS,33000.0,BORDEAUX,33,63,1,4.0,Local industriel. commercial ou assimilé,111.0,0.0,,
21/06/2018,Vente,75000.0,ALL,93340.0,LE RAINCY,93,62,2,2.0,Appartement,18.0,1.0,,
07/03/2018,Vente,149000.0,RUE,92100.0,BOULOGNE-BILLANCOURT,92,12,2,2.0,Appartement,27.0,2.0,,
03/11/2020,Vente,570000.0,RUE,59160.0,CAPINGHEM,59,128,0,1.0,Maison,167.0,5.0,S,858.0
24/10/2019,Vente,85000.0,SQ,35200.0,RENNES,35,238,2,2.0,Appartement,38.0,1.0,,
20/09/2018,Vente,172000.0,IMP,81500.0,LAVAUR,81,140,0,1.0,Maison,94.0,5.0,S,830.0
29/08/2018,Vente,67000.0,RUE,49125.0,TIERCE,49,347,1,2.0,Appartement,70.0,3.0,,
12/11/2020,Vente,530000.0,RUE,75015.0,PARIS 15,75,115,2,2.0,Appartement,39.0,2.0,,
27/06/2020,Vente,100000.0,RUE,29170.0,ST EVARZEC,29,247,0,1.0,Maison,125.0,5.0,S,571.0
20/09/2021,Vente,132000.0,RUE,86000.0,POITIERS,86,194,0,1.0,Maison,71.0,3.0,S,477.0
12/04/2021,Vente,5000.0,RUE,16600.0,MAGNAC-SUR-TOUVRE,16,199,0,1.0,Maison,37.0,1.0,S,209.0
26/04/2019,Vente,395000.0,CHE,64500.0,SAINT-JEAN-DE-LUZ,64,483,1,1.0,Maison,85.0,4.0,,
30/07/2019,Vente,610175.0,RTE,31820.0,PIBRAC,31,417,0,1.0,Maison,176.0,6.0,S,1188.0
13/12/2019,Vente,200000.0,RUE,17320.0,SAINT-JUST-LUZAC,17,351,0,1.0,Maison,137.0,4.0,S,430.0
17/12/2018,Vente,122000.0,RUE,75009.0,PARIS 09,75,109,1,2.0,Appartement,12.0,1.0,,
30/09/2020,Vente,140000.0,RUE,59880.0,SAINT SAULVE,59,544,0,1.0,Maison,82.0,4.0,S,252.0
11/07/2018,Vente,62000.0,RUE,93300.0,AUBERVILLIERS,93,1,1,2.0,Appartement,17.0,1.0,,
28/02/2019,Vente,29000.0,RUE,29540.0,SPEZET,29,278,0,4.0,Local industriel. commercial ou assimilé,490.0,0.0,S,490.0
26/11/2019,Vente,255600.0,LOT,84100.0,ORANGE,84,87,0,1.0,Maison,121.0,5.0,S,709.0
28/06/2021,Vente,17000.0,RES,33600.0,PESSAC,33,318,1,3.0,Dépendance,0.0,0.0,,
02/09/2019,Vente,109500.0,RUE,54310.0,HOMECOURT,54,263,0,1.0,Maison,66.0,3.0,S,45.0
26/07/2019,Vente,272000.0,ALL,38200.0,SERPAIZE,38,484,0,1.0,Maison,109.0,5.0,S,593.0
09/10/2020,Vente,54000.0,RUE,55190.0,VOID-VACON,55,573,0,1.0,Maison,60.0,3.0,S,309.0
16/04/2021,Vente,98000.0,RUE,86000.0,POITIERS,86,194,1,2.0,Appartement,46.0,2.0,,
20/12/2021,Vente,110000.0,RUE,70200.0,LURE,70,310,0,4.0,Local industriel. commercial ou assimilé,1215.0,0.0,S,227.0
11/02/2020,Vente,78885.0,RUE,62200.0,BOULOGNE SUR MER,62,160,3,2.0,Appartement,79.0,3.0,,
21/01/2021,Vente,128000.0,,28160.0,GOHORY,28,182,0,1.0,Maison,150.0,4.0,S,872.0
23/08/2019,Vente,545000.0,CHE,74930.0,REIGNIER-ESERY,74,220,0,1.0,Maison,165.0,6.0,S,1400.0
15/10/2021,Vente,284000.0,RUE,75004.0,PARIS 04,75,104,1,2.0,Appartement,24.0,2.0,,
17/09/2018,Vente,360000.0,,9100.0,LES PUJOLS,9,238,0,1.0,Maison,280.0,8.0,S,960.0
12/10/2020,Vente,220000.0,RUE,64000.0,PAU,64,445,1,1.0,Maison,85.0,4.0,S,469.0
28/09/2018,Vente,250000.0,RUE,26760.0,BEAUMONT LES VALENCE,26,37,0,1.0,Maison,155.0,6.0,S,296.0
13/02/2021,Vente,160000.0,RUE,60350.0,JAULZY,60,324,0,1.0,Maison,150.0,5.0,S,213.0
21/11/2019,Vente,194400.0,CHE,26200.0,MONTELIMAR,26,198,1,4.0,Local industriel. commercial ou assimilé,90.0,0.0,,
30/09/2019,Vente,237000.0,RUE,91650.0,BREUILLET,91,105,1,1.0,Maison,69.0,4.0,,
09/07/2021,Vente,40000.0,RUE,2270.0,ASSIS SUR SERRE,2,27,0,1.0,Maison,108.0,3.0,S,635.0
14/10/2020,Vente,358050.0,RUE,33114.0,LE BARP,33,29,0,1.0,Maison,128.0,6.0,,
16/05/2018,Vente,98000.0,AV,93190.0,LIVRY-GARGAN,93,46,2,2.0,Appartement,53.0,3.0,,
09/04/2019,Vente,385000.0,,97354.0,REMIRE MONTJOLY,973,9,1,1.0,Maison,216.0,6.0,,
21/10/2020,Vente,39999.0,RUE,56320.0,LANVENEGEN,56,105,0,1.0,Maison,80.0,3.0,S,48.0
06/12/2019,Vente,23000.0,RUE,33000.0,BORDEAUX,33,63,1,3.0,Dépendance,0.0,0.0,,
16/10/2019,Vente,119000.0,AV,34350.0,VALRAS-PLAGE,34,324,1,4.0,Local industriel. commercial ou assimilé,220.0,0.0,,
22/06/2020,Vente,878000.0,AV,94800.0,VILLEJUIF,94,76,0,1.0,Maison,140.0,5.0,S,336.0
26/10/2020,Vente,240000.0,AV,83600.0,FREJUS,83,61,2,2.0,Appartement,102.0,4.0,,
25/10/2018,Vente,75250.0,ALL,74240.0,GAILLARD,74,133,2,2.0,Appartement,27.0,1.0,,
25/09/2019,Vente,201700.0,CHE,65500.0,PUJO,65,372,0,1.0,Maison,133.0,4.0,S,2462.0
28/02/2020,Vente,17000.0,AV,83700.0,SAINT RAPHAEL,83,118,1,3.0,Dépendance,0.0,0.0,,
28/02/2020,Vente,326000.0,AV,92380.0,GARCHES,92,33,1,2.0,Appartement,71.0,3.0,,
11/07/2019,Vente,462000.0,RUE,94200.0,IVRY-SUR-SEINE,94,41,0,1.0,Maison,75.0,5.0,S,161.0
01/07/2019,Vente,231700.0,,26290.0,DONZERE,26,116,0,1.0,Maison,110.0,4.0,S,620.0
06/07/2019,Vente,157000.0,RUE,76910.0,CRIEL-SUR-MER,76,192,0,1.0,Maison,120.0,6.0,S,358.0
15/10/2021,Vente,30000.0,CHE,38114.0,ALLEMOND,38,5,1,2.0,Appartement,21.0,1.0,,
16/10/2018,Vente,230010.0,AV,92210.0,SAINT-CLOUD,92,64,2,2.0,Appartement,45.0,2.0,,
02/04/2019,Vente,87000.0,PL,92360.0,MEUDON,92,48,1,4.0,Local industriel. commercial ou assimilé,38.0,0.0,,
15/01/2019,Vente,56000.0,RUE,85270.0,SAINT-HILAIRE-DE-RIEZ,85,226,1,3.0,Dépendance,0.0,0.0,,
28/10/2021,Vente,290000.0,CHE,44250.0,SAINT BREVIN LES PINS,44,154,0,1.0,Maison,77.0,5.0,S,409.0
08/12/2021,Vente,233900.0,VC,38080.0,L'ISLE-D'ABEAU,38,193,0,1.0,Maison,85.0,4.0,S,154.0
15/03/2019,Vente,363000.0,RUE,77174.0,VILLENEUVE-SAINT-DENIS,77,510,0,1.0,Maison,110.0,5.0,S,208.0
12/09/2020,Vente,55000.0,RUE,14000.0,CAEN,14,118,1,3.0,Dépendance,0.0,0.0,,
13/05/2019,Vente,230000.0,RTE,38280.0,JANNEYRIAS,38,197,0,1.0,Maison,84.0,5.0,S,421.0
24/09/2020,Vente,275000.0,CHE,40430.0,SORE,40,307,0,1.0,Maison,250.0,8.0,S,1145.0
07/12/2020,Vente,100000.0,,23450.0,FRESSELINES,23,87,0,1.0,Maison,98.0,5.0,S,536.0
17/01/2019,Vente,171000.0,RUE,76710.0,ESLETTES,76,245,0,1.0,Maison,77.0,4.0,S,363.0
29/06/2018,Vente,239000.0,RUE,13118.0,ISTRES,13,47,0,1.0,Maison,100.0,5.0,S,272.0
05/07/2018,Vente,76000.0,RUE,55110.0,CLERY-PETIT,55,119,0,1.0,Maison,100.0,4.0,S,263.0
23/09/2021,Vente,285100.0,CHE,30400.0,VILLENEUVE LES AVIGNON,30,351,0,1.0,Maison,42.0,2.0,S,758.0
24/12/2021,Vente,90000.0,,76860.0,OUVILLE-LA-RIVIERE,76,492,0,3.0,Dépendance,0.0,0.0,S,195.0
28/11/2019,Vente,50000.0,RUE,28360.0,PRUNAY LE GILLON,28,309,0,1.0,Maison,45.0,2.0,S,55.0
14/10/2020,Vente,88000.0,RUE,81710.0,SAIX,81,273,0,1.0,Maison,70.0,4.0,S,93.0
23/03/2021,Vente,90000.0,IMP,40000.0,MONT-DE-MARSAN,40,192,0,1.0,Maison,47.0,2.0,S,135.0
06/07/2021,Vente,40000.0,,12140.0,FLORENTIN-LA-CAPELLE,12,103,0,1.0,Maison,92.0,3.0,S,295.0
10/05/2019,Vente,207500.0,,97231.0,ROBERT,972,22,0,1.0,Maison,52.0,3.0,S,639.0
06/02/2020,Vente,157000.0,AV,95540.0,MERY-SUR-OISE,95,394,2,2.0,Appartement,65.0,3.0,,
06/09/2019,Vente,80000.0,RUE,56860.0,SENE,56,243,1,4.0,Local industriel. commercial ou assimilé,47.0,0.0,,
27/04/2018,Vente,230800.0,RUE,54560.0,AUDUN-LE-ROMAN,54,29,0,1.0,Maison,126.0,5.0,S,198.0
28/12/2018,Vente,150000.0,RUE,27120.0,PACY-SUR-EURE,27,448,0,1.0,Maison,142.0,5.0,S,495.0
27/12/2019,Vente,138000.0,AV,17110.0,SAINT-GEORGES-DE-DIDONNE,17,333,2,1.0,Maison,32.0,3.0,,
17/12/2018,Vente,336337.0,RTE,74210.0,LATHUILE,74,147,0,1.0,Maison,100.0,4.0,S,486.0
10/09/2021,Vente,180000.0,RUE,59800.0,LILLE,59,350,1,2.0,Appartement,40.0,2.0,,
25/05/2018,Vente,48000.0,RUE,76470.0,LE TREPORT,76,711,0,1.0,Maison,32.0,2.0,S,36.0
30/01/2019,Vente,208600.0,BD,75013.0,PARIS 13,75,113,1,2.0,Appartement,35.0,2.0,,
03/04/2018,Vente,258000.0,RUE,44119.0,TREILLIERES,44,209,0,1.0,Maison,131.0,5.0,S,556.0
23/04/2019,Vente,85000.0,RUE,29260.0,LESNEVEN,29,124,0,1.0,Maison,104.0,5.0,S,619.0
25/03/2021,Vente,445000.0,RTE,85340.0,SABLES-D'OLONNE (LES),85,194,0,1.0,Maison,155.0,4.0,S,583.0
29/04/2019,Vente,10000.0,BD,6300.0,NICE,6,88,1,3.0,Dépendance,0.0,0.0,,
19/10/2018,Vente,195000.0,,1300.0,BELLEY,1,34,0,1.0,Maison,160.0,4.0,S,305.0
19/12/2019,Vente,163000.0,RUE,83000.0,TOULON,83,137,2,2.0,Appartement,68.0,4.0,,
18/03/2019,Vente,3000.0,AV,30240.0,LE GRAU DU ROI,30,133,1,3.0,Dépendance,0.0,0.0,,
05/11/2019,Vente,82000.0,IMP,79000.0,NIORT,79,191,0,1.0,Maison,77.0,4.0,S,337.0
06/02/2020,Vente,45000.0,RUE,85200.0,FONTENAY-LE-COMTE,85,92,0,1.0,Maison,44.0,3.0,S,30.0
02/02/2021,Vente,156600.0,,34160.0,SUSSARGUES,34,307,0,1.0,Maison,50.0,3.0,S,69.0
06/08/2021,Vente,89500.0,COTE,12300.0,DECAZEVILLE,12,89,0,1.0,Maison,103.0,4.0,S,502.0
30/11/2018,Vente,517000.0,RUE,75012.0,PARIS 12,75,112,2,2.0,Appartement,55.0,3.0,,
08/10/2021,Vente,115000.0,,37800.0,STE CATHERINE DE FIERBOIS,37,212,0,1.0,Maison,90.0,3.0,S,2028.0
05/03/2018,Vente,138000.0,RUE,88000.0,DEYVILLERS,88,132,0,1.0,Maison,141.0,8.0,S,679.0
13/11/2019,Vente,30000.0,,24500.0,EYMET,24,167,0,1.0,Maison,45.0,2.0,S,31.0
29/08/2018,Vente,295500.0,RUE,60300.0,BARON,60,47,0,1.0,Maison,108.0,5.0,S,600.0
11/12/2020,Vente,210000.0,RUE,31810.0,VERNET,31,574,0,1.0,Maison,80.0,4.0,S,280.0
06/08/2019,Vente,225000.0,IMP,74800.0,SAINT SIXT,74,253,0,1.0,Maison,95.0,6.0,S,1000.0
21/09/2021,Vente,82000.0,RUE,24000.0,PERIGUEUX,24,322,1,4.0,Local industriel. commercial ou assimilé,64.0,0.0,,
22/05/2018,Vente,70000.0,,82700.0,ESCATALENS,82,52,0,1.0,Maison,80.0,4.0,S,628.0
28/07/2021,Vente,330000.0,RUE,91210.0,DRAVEIL,91,201,0,1.0,Maison,80.0,5.0,S,608.0
30/09/2020,Vente,67500.0,RUE,60420.0,TRICOT,60,643,0,1.0,Maison,30.0,3.0,S,540.0
16/09/2020,Vente,305000.0,RUE,21490.0,SAINT JULIEN,21,555,0,1.0,Maison,130.0,3.0,S,473.0
16/06/2021,Vente,130000.0,RTE,21370.0,PLOMBIERES-LES-DIJON,21,485,0,1.0,Maison,86.0,4.0,S,536.0
19/01/2018,Vente,22000.0,AV,6800.0,CAGNES SUR MER,6,27,1,3.0,Dépendance,0.0,0.0,,
27/08/2021,Vente,306000.0,RUE,49280.0,LA TESSOUALLE,49,343,0,1.0,Maison,136.0,5.0,S,611.0
18/10/2018,Vente,134900.0,RUE,54460.0,LIVERDUN,54,318,0,1.0,Maison,90.0,4.0,S,106.0
05/10/2018,Vente,25000.0,RUE,15000.0,AURILLAC,15,14,1,2.0,Appartement,43.0,2.0,,
26/04/2019,Vente,82000.0,RUE,86470.0,BOIVRE-LA-VALLEE,86,123,0,1.0,Maison,90.0,5.0,S,1242.0
08/02/2018,Vente,90000.0,,44210.0,PORNIC,44,131,0,1.0,Maison,61.0,2.0,S,374.0
06/09/2019,Vente,125000.0,AV,74130.0,BONNEVILLE,74,42,2,2.0,Appartement,72.0,2.0,,
19/01/2021,Vente,135900.0,RES,11370.0,LEUCATE,11,202,1,1.0,Maison,35.0,3.0,,
30/08/2021,Vente,80000.0,RTE,16560.0,COULGENS,16,107,0,1.0,Maison,82.0,4.0,S,700.0
23/10/2019,Vente,171750.0,IMP,42110.0,CLEPPE,42,66,0,1.0,Maison,94.0,4.0,S,851.0
12/01/2019,Vente,50405.0,,85410.0,THOUARSAIS-BOUILDROUX,85,292,0,1.0,Maison,45.0,1.0,S,246.0
12/07/2019,Vente,450750.0,ALL,33120.0,ARCACHON,33,9,0,1.0,Maison,63.0,3.0,S,407.0
16/02/2021,Vente,550000.0,AV,94360.0,BRY-SUR-MARNE,94,15,0,1.0,Maison,125.0,5.0,S,322.0
04/04/2018,Vente,70000.0,RUE,33700.0,MERIGNAC,33,281,3,4.0,Local industriel. commercial ou assimilé,63.0,0.0,,
15/02/2018,Vente,120000.0,PL,13800.0,ISTRES,13,47,2,2.0,Appartement,77.0,4.0,,
12/12/2018,Vente,364000.0,RUE,31700.0,BLAGNAC,31,69,0,1.0,Maison,110.0,5.0,S,519.0
29/07/2020,Vente,1000.0,RUE,34200.0,SETE,34,301,1,2.0,Appartement,84.0,4.0,,
24/08/2020,Vente,177820.0,RUE,69007.0,LYON 7EME,69,387,1,3.0,Dépendance,0.0,0.0,,
01/07/2020,Vente,138000.0,BD,66000.0,PERPIGNAN,66,136,0,1.0,Maison,46.0,3.0,S,72.0
20/02/2018,Vente,56736.0,RUE,35230.0,SAINT-ERBLON,35,266,0,4.0,Local industriel. commercial ou assimilé,412.0,0.0,AB,1576.0
03/06/2021,Vente,155000.0,RUE,66600.0,PEYRESTORTES,66,138,0,1.0,Maison,83.0,5.0,S,235.0
06/09/2019,Vente,455000.0,RUE,94490.0,ORMESSON-SUR-MARNE,94,55,0,1.0,Maison,165.0,4.0,S,250.0
12/06/2018,Vente,163000.0,RUE,35111.0,LA FRESNAIS,35,116,0,1.0,Maison,80.0,5.0,S,433.0
06/04/2021,Vente,200000.0,RUE,83440.0,SAINT-PAUL-EN-FORET,83,117,2,2.0,Appartement,89.0,4.0,,
25/04/2019,Vente,4040000.0,RUE,75015.0,PARIS 15,75,115,2,4.0,Local industriel. commercial ou assimilé,112.0,0.0,,
23/10/2020,Vente,116000.0,CHE,25680.0,ROMAIN,25,499,0,1.0,Maison,80.0,4.0,S,740.0
30/08/2019,Vente,164000.0,,25800.0,VALDAHON,25,578,0,1.0,Maison,91.0,5.0,S,1105.0
11/02/2019,Vente,1579833.4,BD,34830.0,CLAPIERS,34,77,0,4.0,Local industriel. commercial ou assimilé,833.0,0.0,BT,3593.0
19/04/2018,Vente,27010.0,CITE,97480.0,SAINT-JOSEPH,974,12,0,1.0,Maison,134.0,5.0,S,140.0
26/06/2018,Vente,230000.0,RUE,33700.0,MERIGNAC,33,281,1,2.0,Appartement,69.0,4.0,,
05/12/2020,Vente,235000.0,RUE,78440.0,ISSOU,78,314,0,1.0,Maison,113.0,5.0,S,453.0
09/11/2021,Vente,90000.0,BD,72100.0,LE MANS,72,181,0,1.0,Maison,67.0,3.0,S,294.0
11/02/2021,Vente en l'état futur d'achèvement,132106.0,RUE,2500.0,HIRSON,2,381,1,4.0,Local industriel. commercial ou assimilé,20.0,0.0,,
09/04/2018,Vente,103800.0,RUE,25410.0,SAINT VIT,25,527,0,1.0,Maison,110.0,3.0,S,764.0
15/12/2021,Vente,129000.0,RUE,77550.0,REAU,77,384,1,3.0,Dépendance,0.0,0.0,,
24/11/2020,Vente,346940.0,AV,95560.0,MONTSOULT,95,430,0,1.0,Maison,101.0,5.0,S,966.0
29/05/2019,Vente,190000.0,RUE,92170.0,VANVES,92,75,2,2.0,Appartement,27.0,1.0,,
31/08/2021,Vente,25000.0,AV,44000.0,NANTES,44,109,1,3.0,Dépendance,0.0,0.0,,
22/11/2019,Vente,135000.0,RUE,44570.0,TRIGNAC,44,210,0,1.0,Maison,112.0,6.0,S,255.0
22/12/2020,Vente,51000.0,RUE,42100.0,SAINT-ETIENNE,42,218,3,2.0,Appartement,54.0,2.0,,
19/12/2019,Vente,169000.0,RUE,92100.0,BOULOGNE-BILLANCOURT,92,12,2,2.0,Appartement,25.0,1.0,,
05/09/2018,Vente,36000.0,RUE,59610.0,FOURMIES,59,249,0,4.0,Local industriel. commercial ou assimilé,400.0,0.0,S,718.0
10/12/2020,Vente,350000.0,LOT,34270.0,CLARET,34,78,0,1.0,Maison,196.0,7.0,S,780.0
16/02/2019,Vente,5100.0,,78170.0,CELLE-SAINT-CLOUD (LA),78,126,1,3.0,Dépendance,0.0,0.0,,
20/11/2019,Vente,140000.0,RUE,6000.0,NICE,6,88,1,2.0,Appartement,90.0,4.0,,
28/03/2019,Vente,442900.0,CHE,38121.0,REVENTIN-VAUGRIS,38,336,0,1.0,Maison,160.0,4.0,,
23/07/2021,Vente,60000.0,RTE,14240.0,CORMOLAIN,14,182,0,1.0,Maison,60.0,3.0,S,335.0
10/10/2019,Vente,9500.0,BD,93100.0,MONTREUIL,93,48,1,3.0,Dépendance,0.0,0.0,,
19/07/2019,Vente,220000.0,RUE,54710.0,LUDRES,54,328,0,1.0,Maison,120.0,4.0,S,310.0
16/11/2020,Vente,90000.0,,29620.0,LANMEUR,29,113,0,1.0,Maison,52.0,3.0,S,742.0
28/07/2020,Vente,285950.0,RUE,22300.0,LANNION,22,113,0,4.0,Local industriel. commercial ou assimilé,123.0,0.0,S,726.0
04/09/2019,Vente,143325.0,RUE,88640.0,GRANGES-AUMONTZEY,88,218,0,1.0,Maison,83.0,4.0,S,486.0
03/11/2021,Vente,390000.0,RUE,94000.0,CRETEIL,94,28,0,1.0,Maison,39.0,2.0,S,292.0
30/08/2018,Vente,159900.0,,13390.0,AURIOL,13,7,1,2.0,Appartement,44.0,2.0,,
10/03/2020,Vente,475000.0,RUE,31770.0,COLOMIERS,31,149,0,1.0,Maison,104.0,4.0,S,483.0
11/09/2020,Vente,18000.0,RUE,33800.0,BORDEAUX,33,63,1,3.0,Dépendance,0.0,0.0,,
09/07/2021,Vente,295000.0,CHE,84290.0,SAINTE-CECILE-LES-VIGNES,84,106,0,1.0,Maison,75.0,3.0,S,766.0
20/11/2020,Vente,139000.0,RUE,88190.0,GOLBEY,88,209,0,1.0,Maison,104.0,4.0,S,750.0
23/10/2019,Vente,48500.0,RUE,11600.0,VILLEGAILHENC,11,425,0,1.0,Maison,86.0,4.0,S,492.0
10/10/2020,Vente,95000.0,RUE,78200.0,MANTES-LA-JOLIE,78,361,1,2.0,Appartement,26.0,1.0,AG,41.0
25/04/2018,Vente,23500.0,RUE,88350.0,LIFFOL-LE-GRAND,88,270,0,1.0,Maison,66.0,3.0,S,160.0
11/02/2021,Vente,350000.0,RUE,6400.0,CANNES,6,29,2,4.0,Local industriel. commercial ou assimilé,100.0,0.0,,
28/02/2019,Vente,220000.0,RUE,33400.0,TALENCE,33,522,0,1.0,Maison,50.0,2.0,S,110.0
26/02/2019,Vente,127000.0,RUE,95100.0,ARGENTEUIL,95,18,1,2.0,Appartement,43.0,2.0,,
31/07/2019,Vente,122960.0,RUE,72100.0,LE MANS,72,181,0,1.0,Maison,52.0,2.0,S,195.0
28/07/2021,Vente,253000.0,,27160.0,MARBOIS,27,157,0,1.0,Maison,104.0,5.0,S,2193.0
04/07/2019,Vente,69600.0,CHEM,83510.0,LORGUES,83,72,0,1.0,Maison,59.0,1.0,S,156.0
13/07/2021,Vente,178500.0,AV,19230.0,ARNAC-POMPADOUR,19,11,0,1.0,Maison,200.0,3.0,S,392.0
06/12/2021,Vente,395000.0,RUE,77700.0,COUPVRAY,77,132,1,1.0,Maison,90.0,4.0,S,777.0
19/05/2020,Vente,287600.0,,26450.0,ROYNAC,26,287,0,1.0,Maison,150.0,6.0,S,1380.0
19/10/2020,Vente,120000.0,CITE,62141.0,EVIN-MALMAISON,62,321,0,1.0,Maison,70.0,3.0,S,313.0
17/07/2020,Vente,382500.0,RUE,69700.0,BEAUVALLON,69,179,0,1.0,Maison,109.0,4.0,S,800.0
09/04/2018,Vente,250000.0,,79370.0,AIGONNAY,79,4,0,1.0,Maison,180.0,5.0,S,3315.0
18/11/2021,Vente,159000.0,VGE,7100.0,ANNONAY,7,10,1,1.0,Maison,93.0,5.0,S,320.0
25/05/2018,Vente,196350.0,RUE,75012.0,PARIS 12,75,112,2,2.0,Appartement,19.0,2.0,,
16/04/2018,Vente,105000.0,AV,66220.0,SAINT-PAUL-DE-FENOUILLET,66,187,0,1.0,Maison,142.0,6.0,S,231.0
21/07/2018,Vente,40000.0,,31160.0,MILHAS,31,342,0,1.0,Maison,63.0,1.0,S,100.0
22/05/2019,Vente,145000.0,RUE,6380.0,SOSPEL,6,136,1,2.0,Appartement,65.0,3.0,,
01/10/2021,Vente,86500.0,RUE,72170.0,SEGRIE,72,332,0,1.0,Maison,56.0,3.0,S,525.0
24/07/2019,Vente,450000.0,VLA,75019.0,PARIS 19,75,119,1,2.0,Appartement,40.0,3.0,,
13/02/2019,Vente,66000.0,RUE,12170.0,REQUISTA,12,197,0,1.0,Maison,192.0,8.0,S,255.0
14/05/2018,Vente en l'état futur d'achèvement,267000.0,,31650.0,ST ORENS DE GAMEVILLE,31,506,1,1.0,Maison,85.0,4.0,,
15/02/2018,Vente,586000.0,RUE,31500.0,TOULOUSE,31,555,0,1.0,Maison,122.0,3.0,S,721.0
03/04/2018,Vente,176100.0,RUE,76800.0,SAINT-ETIENNE-DU-ROUVRAY,76,575,0,1.0,Maison,54.0,3.0,S,394.0
18/06/2020,Vente,100000.0,AV,75012.0,PARIS 12,75,112,1,2.0,Appartement,11.0,1.0,,
17/12/2020,Vente,205000.0,RUE,21200.0,BEAUNE,21,54,0,1.0,Maison,85.0,2.0,S,234.0
20/12/2019,Vente,46000.0,,1260.0,HAUT-VALROMEY,1,187,2,2.0,Appartement,30.0,2.0,,
15/11/2019,Vente,417500.0,RUE,38000.0,GRENOBLE,38,185,0,1.0,Maison,61.0,3.0,S,298.0
01/06/2018,Vente,350000.0,RUE,56000.0,VANNES,56,260,0,1.0,Maison,132.0,5.0,S,439.0
25/05/2018,Vente,35000.0,RUE,29600.0,SAINT-MARTIN-DES-CHAMPS,29,254,0,1.0,Maison,83.0,3.0,S,384.0
25/06/2018,Vente,430000.0,RUE,78150.0,CHESNAY (LE),78,158,1,2.0,Appartement,80.0,4.0,,
15/11/2018,Vente,183620.0,IMP,73220.0,EPIERRE,73,109,0,1.0,Maison,74.0,4.0,S,628.0
14/04/2021,Vente,286237.78,CHE,54360.0,CHARMOIS,54,121,0,1.0,Maison,109.0,4.0,S,962.0
18/12/2019,Vente,100000.0,BD,75020.0,PARIS 20,75,120,1,2.0,Appartement,19.0,1.0,,
29/01/2020,Vente,322000.0,RUE,34880.0,LAVERUNE,34,134,0,1.0,Maison,92.0,4.0,S,450.0
06/09/2019,Vente,122000.0,CHE,54700.0,PONT A MOUSSON,54,431,0,1.0,Maison,97.0,4.0,S,55.0
21/03/2019,Vente,184000.0,RUE,75020.0,PARIS 20,75,120,1,2.0,Appartement,23.0,1.0,,
19/03/2018,Vente,40000.0,AV,8320.0,VIREUX MOLHAIN,8,486,0,4.0,Local industriel. commercial ou assimilé,97.0,0.0,S,179.0
24/06/2019,Vente,40000.0,,5240.0,LA SALLE,5,161,1,2.0,Appartement,16.0,1.0,,
26/02/2021,Vente,15000.0,RUE,75018.0,PARIS 18,75,118,1,3.0,Dépendance,0.0,0.0,,
27/11/2019,Vente,44500.0,RUE,31800.0,SAINT-GAUDENS,31,483,2,2.0,Appartement,48.0,2.0,,
27/02/2018,Vente,367000.0,,42530.0,SAINT GENEST LERPT,42,223,0,1.0,Maison,134.0,5.0,S,765.0
10/08/2018,Vente,52500.0,RUE,47500.0,FUMEL,47,106,0,1.0,Maison,81.0,5.0,S,534.0
25/06/2021,Vente,225000.0,RUE,79370.0,FRESSINES,79,129,0,1.0,Maison,122.0,5.0,S,855.0
03/04/2018,Vente,235000.0,RUE,94140.0,ALFORTVILLE,94,2,1,3.0,Dépendance,0.0,0.0,,
27/03/2021,Vente,43000.0,RUE,3100.0,MONTLUCON,3,185,0,1.0,Maison,72.0,3.0,S,378.0
19/12/2018,Vente,316250.0,AV,38700.0,LA TRONCHE,38,516,13,4.0,Local industriel. commercial ou assimilé,375.0,0.0,,
07/10/2019,Vente,270000.0,RUE,75018.0,PARIS 18,75,118,2,2.0,Appartement,27.0,1.0,,
21/02/2020,Vente,118580.0,RUE,37000.0,TOURS,37,261,2,2.0,Appartement,63.0,3.0,,
20/12/2021,Vente,370000.0,,37210.0,ROCHECORBON,37,203,0,4.0,Local industriel. commercial ou assimilé,3034.0,0.0,S,3088.0
04/02/2020,Vente,395000.0,IMP,34570.0,VAILHAUQUES,34,320,0,1.0,Maison,100.0,4.0,S,615.0
27/03/2019,Vente,230000.0,RUE,94440.0,VILLECRESNES,94,75,0,1.0,Maison,70.0,4.0,S,315.0
13/04/2018,Vente,104580.0,RUE,65000.0,TARBES,65,440,2,2.0,Appartement,67.0,4.0,,
17/07/2020,Vente,229500.0,VC,14210.0,VAL D'ARRY,14,475,0,1.0,Maison,126.0,6.0,S,634.0
11/03/2021,Vente,180000.0,RUE,93190.0,LIVRY-GARGAN,93,46,2,2.0,Appartement,70.0,3.0,,
14/05/2020,Vente,85150.0,RUE,13007.0,MARSEILLE 7EME,13,207,1,2.0,Appartement,24.0,1.0,,
27/03/2019,Vente,61000.0,RUE,52100.0,SAINT-DIZIER,52,448,2,2.0,Appartement,55.0,2.0,,
05/03/2021,Vente,215000.0,RUE,56600.0,LANESTER,56,98,0,1.0,Maison,107.0,5.0,S,307.0
18/11/2019,Vente,139000.0,RTE,63350.0,JOZE,63,180,0,1.0,Maison,86.0,3.0,S,40.0
02/07/2018,Vente,13000.0,AV,44700.0,ORVAULT,44,114,1,3.0,Dépendance,0.0,0.0,,
14/06/2018,Vente,35000.0,RUE,29430.0,PLOUESCAT,29,185,0,4.0,Local industriel. commercial ou assimilé,360.0,0.0,S,629.0
12/08/2019,Vente,416600.0,RUE,78180.0,MONTIGNY LE BRETONNEUX,78,423,0,1.0,Maison,97.0,4.0,S,305.0
28/12/2020,Vente,250000.0,RUE,76420.0,BIHOREL,76,95,0,1.0,Maison,75.0,3.0,S,189.0
27/09/2019,Vente,146300.0,SQ,14540.0,GRENTHEVILLE,14,319,0,1.0,Maison,94.0,4.0,S,235.0
03/05/2019,Vente,148970.0,RES,13090.0,AIX EN PROVENCE,13,1,2,2.0,Appartement,35.0,1.0,,
20/03/2020,Vente,68600.0,RUE,59980.0,MAUROIS,59,394,0,1.0,Maison,52.0,2.0,S,115.0
31/01/2020,Vente,90000.0,RUE,30900.0,NIMES,30,189,1,3.0,Dépendance,0.0,0.0,,
07/02/2019,Vente,1200000.0,RUE,33000.0,BORDEAUX,33,63,0,1.0,Maison,135.0,6.0,S,416.0
13/06/2018,Vente,190000.0,RUE,76610.0,LE HAVRE,76,351,0,1.0,Maison,108.0,5.0,S,274.0
24/05/2018,Vente,142000.0,RUE,72000.0,LE MANS,72,181,0,1.0,Maison,85.0,4.0,S,168.0
02/04/2019,Vente,253000.0,RUE,44430.0,LANDREAU (LE),44,79,0,1.0,Maison,128.0,6.0,,
02/09/2019,Vente,380000.0,RUE,33520.0,BRUGES,33,75,0,1.0,Maison,70.0,3.0,,
01/04/2019,Vente,130000.0,SQ,49300.0,CHOLET,49,99,0,1.0,Maison,70.0,3.0,S,477.0
07/01/2020,Vente,167850.0,AV,6150.0,CANNES,6,29,2,2.0,Appartement,56.0,3.0,,
29/08/2019,Vente,84000.0,RUE,33800.0,BORDEAUX,33,63,1,2.0,Appartement,15.0,1.0,,
10/12/2019,Vente,181500.0,RTE,37500.0,CANDES-SAINT-MARTIN,37,42,0,1.0,Maison,102.0,4.0,S,244.0
14/03/2019,Vente,415000.0,RUE,78680.0,EPONE,78,217,0,1.0,Maison,90.0,6.0,S,928.0
31/03/2018,Vente,261800.0,RUE,90160.0,DENNEY,90,34,0,1.0,Maison,161.0,5.0,S,601.0
16/12/2019,Vente,1051000.0,PL,74160.0,SAINT-JULIEN-EN-GENEVOIS,74,243,1,4.0,Local industriel. commercial ou assimilé,95.0,0.0,,
04/08/2020,Vente,31000.0,RUE,15000.0,AURILLAC,15,14,1,2.0,Appartement,36.0,1.0,,
07/12/2018,Vente,95000.0,RUE,84800.0,L ISLE SUR LA SORGUE,84,54,1,2.0,Appartement,44.0,2.0,,
30/06/2021,Vente,141000.0,CHE,83700.0,SAINT RAPHAEL,83,118,1,2.0,Appartement,39.0,2.0,,
24/05/2019,Vente,65000.0,RUE,80080.0,AMIENS,80,21,2,2.0,Appartement,72.0,4.0,,
05/06/2019,Vente,40000.0,RUE,33890.0,GENSAC,33,186,0,1.0,Maison,72.0,3.0,S,133.0
09/04/2019,Vente,485714.0,RUE,75018.0,PARIS 18,75,118,1,2.0,Appartement,60.0,3.0,,
03/09/2019,Vente,48000.0,RUE,59600.0,MAUBEUGE,59,392,1,3.0,Dépendance,0.0,0.0,,
17/07/2020,Vente,154000.0,PL,95200.0,SARCELLES,95,585,2,2.0,Appartement,94.0,5.0,,
15/05/2018,Vente,177000.0,RUE,59840.0,PERENCHIES,59,457,0,1.0,Maison,75.0,5.0,S,123.0
16/01/2018,Vente,99000.0,CHE,83550.0,VIDAUBAN,83,148,0,1.0,Maison,30.0,1.0,S,500.0
18/05/2021,Vente,180000.0,PROM,11100.0,NARBONNE,11,262,1,2.0,Appartement,55.0,2.0,,
01/10/2019,Vente,368000.0,ALL,33610.0,CESTAS,33,122,0,1.0,Maison,89.0,5.0,S,1105.0
20/06/2019,Vente,52500.0,,73210.0,LA PLAGNE TARENTAISE,73,150,3,2.0,Appartement,17.0,1.0,,
15/01/2021,Vente,150000.0,IMP,72210.0,LOUPLANDE,72,169,0,1.0,Maison,73.0,4.0,S,660.0
20/03/2019,Vente,70000.0,AV,6210.0,MANDELIEU-LA-NAPOULE,6,79,1,3.0,Dépendance,0.0,0.0,,
24/06/2019,Vente,155400.0,RUE,35500.0,VITRE,35,360,3,2.0,Appartement,97.0,4.0,,
15/02/2019,Vente,85000.0,PL,34510.0,FLORENSAC,34,101,0,1.0,Maison,20.0,1.0,S,56.0
04/10/2019,Vente,57000.0,RUE,60400.0,CAISNES,60,118,0,1.0,Maison,25.0,1.0,BT,1958.0
29/12/2020,Vente,13000.0,ALL,4100.0,MANOSQUE,4,112,1,3.0,Dépendance,0.0,0.0,,
12/04/2019,Vente,90000.0,RUE,92250.0,LA GARENNE-COLOMBES,92,35,1,2.0,Appartement,18.0,1.0,,
13/02/2019,Vente,165500.0,RUE,90160.0,BESSONCOURT,90,12,0,1.0,Maison,83.0,4.0,AB,230.0
23/02/2021,Vente,360000.0,RUE,75020.0,PARIS 20,75,120,1,2.0,Appartement,36.0,3.0,,
30/01/2018,Vente en l'état futur d'achèvement,42000.0,PL,69002.0,LYON 2EME,69,382,1,3.0,Dépendance,0.0,0.0,,
03/07/2018,Vente,67260.0,RUE,24600.0,RIBERAC,24,352,0,1.0,Maison,174.0,5.0,S,645.0
01/10/2020,Vente,333000.0,RUE,59493.0,VILLENEUVE-D'ASCQ,59,9,0,1.0,Maison,97.0,4.0,S,259.0
05/03/2021,Vente,94000.0,AV,27110.0,LE NEUBOURG,27,428,0,1.0,Maison,85.0,1.0,S,353.0
23/07/2020,Vente,127000.0,RUE,44600.0,SAINT-NAZAIRE,44,184,5,2.0,Appartement,51.0,2.0,,
29/11/2021,Vente,48000.0,RUE,82240.0,PUYLAROQUE,82,148,0,1.0,Maison,50.0,3.0,S,37.0
15/10/2020,Vente,40000.0,RUE,55200.0,VIGNOT,55,553,0,1.0,Maison,108.0,6.0,S,912.0
09/09/2020,Vente,179000.0,RUE,76610.0,LE HAVRE,76,351,0,1.0,Maison,75.0,3.0,S,562.0
21/12/2021,Vente,199250.0,RUE,21410.0,ANCEY,21,13,0,1.0,Maison,79.0,4.0,S,120.0
23/02/2019,Vente,247000.0,RUE,39800.0,BUVILLY,39,81,0,1.0,Maison,137.0,5.0,S,659.0
13/02/2019,Vente,134000.0,RES,33125.0,HOSTENS,33,202,0,1.0,Maison,86.0,4.0,S,733.0
23/01/2018,Vente,41516.0,LOT,97440.0,SAINT-ANDRE,974,9,1,1.0,Maison,48.0,3.0,,
06/01/2020,Vente,122000.0,RTE,61210.0,MENIL-HERMEI,61,267,0,1.0,Maison,132.0,5.0,S,43.0
03/08/2018,Vente,125000.0,CHE,31400.0,TOULOUSE,31,555,2,2.0,Appartement,76.0,5.0,,
09/07/2018,Vente,420000.0,AV,17200.0,ROYAN,17,306,0,1.0,Maison,105.0,3.0,S,216.0
17/06/2019,Vente,157410.0,PL,64000.0,PAU,64,445,1,2.0,Appartement,87.0,5.0,,
27/01/2021,Vente,249020.0,RUE,75018.0,PARIS 18,75,118,1,2.0,Appartement,15.0,2.0,,
19/07/2021,Vente,295000.0,CHE,74270.0,DESINGY,74,100,0,1.0,Maison,160.0,5.0,P,748.0
30/08/2019,Vente,23500.0,RUE,15000.0,AURILLAC,15,14,2,2.0,Appartement,31.0,2.0,,
03/02/2021,Vente,320000.0,RTE,73160.0,SAINT-CASSIN,73,228,0,1.0,Maison,80.0,6.0,S,251.0
07/04/2018,Vente,105000.0,RTE,29246.0,POULLAOUEN,29,227,0,1.0,Maison,134.0,5.0,S,842.0
13/01/2021,Vente,177500.0,RUE,59890.0,QUESNOY SUR DEULE,59,482,0,1.0,Maison,95.0,6.0,S,103.0
06/08/2021,Vente,83985.0,RUE,92600.0,ASNIERES-SUR-SEINE,92,4,1,2.0,Appartement,46.0,3.0,,
05/07/2018,Vente,70000.0,RUE,41000.0,BLOIS,41,18,0,1.0,Maison,37.0,1.0,S,96.0
09/04/2018,Vente,50000.0,RUE,78100.0,SAINT-GERMAIN-EN-LAYE,78,551,2,2.0,Appartement,24.0,1.0,,
30/01/2020,Vente,75000.0,RUE,17800.0,PONS,17,283,0,1.0,Maison,107.0,3.0,S,88.0
29/08/2019,Vente,50000.0,AV,54200.0,TOUL,54,528,2,2.0,Appartement,45.0,2.0,,
14/02/2020,Vente,16000.0,RUE,2120.0,PROISY,2,624,0,1.0,Maison,125.0,6.0,S,490.0
09/06/2021,Vente,178900.0,LOT,9000.0,ST-JEAN-DE-VERGES,9,264,0,1.0,Maison,90.0,4.0,S,586.0
14/06/2019,Vente,172500.0,CHE,93330.0,NEUILLY-SUR-MARNE,93,50,2,2.0,Appartement,74.0,4.0,,
16/03/2018,Vente,150000.0,RUE,83630.0,AUPS,83,7,0,1.0,Maison,50.0,2.0,S,60.0
15/07/2020,Vente,238000.0,RUE,60280.0,MARGNY LES COMPIEGNE,60,382,0,1.0,Maison,68.0,4.0,S,301.0
26/02/2018,Vente,16000.0,ALL,85160.0,SAINT-JEAN-DE-MONTS,85,234,1,3.0,Dépendance,0.0,0.0,,
21/12/2020,Vente,968280.0,RUE,78160.0,MARLY-LE-ROI,78,372,0,1.0,Maison,235.0,7.0,S,915.0
23/10/2019,Vente,158000.0,RUE,34160.0,SUSSARGUES,34,307,0,2.0,Appartement,58.0,2.0,S,177.0
22/01/2021,Vente,265000.0,RUE,59800.0,LILLE,59,350,0,1.0,Maison,72.0,3.0,S,42.0
11/06/2018,Vente,120000.0,AV,73700.0,BOURG-SAINT-MAURICE,73,54,1,4.0,Local industriel. commercial ou assimilé,46.0,0.0,,
05/02/2018,Vente,150000.0,RUE,59450.0,SIN LE NOBLE,59,569,0,1.0,Maison,87.0,4.0,S,255.0
05/05/2021,Vente,12000.0,,37310.0,TAUXIGNY-SAINT-BAULD,37,254,0,4.0,Local industriel. commercial ou assimilé,0.0,0.0,,
28/08/2018,Vente,295000.0,RUE,66000.0,PERPIGNAN,66,136,0,1.0,Maison,137.0,6.0,S,455.0
15/10/2020,Vente,382000.0,RUE,75011.0,PARIS 11,75,111,1,2.0,Appartement,34.0,2.0,,
29/05/2020,Vente,208000.0,RUE,38000.0,GRENOBLE,38,185,2,2.0,Appartement,66.0,4.0,,
21/05/2019,Vente,406500.0,RUE,92230.0,GENNEVILLIERS,92,36,0,1.0,Maison,75.0,4.0,S,146.0
07/10/2019,Vente,30000.0,AV,6000.0,NICE,6,88,1,3.0,Dépendance,0.0,0.0,,
09/07/2020,Vente,25500.0,RUE,69003.0,LYON 3EME,69,383,1,2.0,Appartement,30.0,1.0,,
26/09/2018,Vente,149000.0,,30170.0,ST HIPPOLYTE DU FORT,30,263,0,1.0,Maison,88.0,4.0,S,1448.0
21/01/2020,Vente,13500.0,RUE,38600.0,FONTAINE,38,169,1,3.0,Dépendance,0.0,0.0,,
08/02/2020,Vente,208000.0,LOT,4300.0,FORCALQUIER,4,88,0,1.0,Maison,69.0,3.0,AB,557.0
23/05/2019,Vente,29700.0,RUE,73300.0,FONTCOUVERTE-LA TOUSSUIRE,73,116,1,2.0,Appartement,16.0,1.0,,
16/04/2021,Vente,80000.0,RUE,2520.0,FLAVY LE MARTEL,2,315,0,1.0,Maison,167.0,9.0,S,534.0
31/08/2019,Vente,60000.0,AV,47400.0,TONNEINS,47,310,0,1.0,Maison,114.0,4.0,S,246.0
08/02/2019,Vente,150000.0,RUE,37700.0,SAINT-PIERRE-DES-CORPS,37,233,0,1.0,Maison,66.0,4.0,S,510.0
12/10/2021,Vente,750800.0,ALL,74120.0,MEGEVE,74,173,1,3.0,Dépendance,0.0,0.0,,
10/09/2018,Vente,225000.0,RUE,59280.0,BOIS-GRENIER,59,88,0,1.0,Maison,100.0,5.0,S,420.0
29/07/2021,Vente,29000.0,RUE,92100.0,BOULOGNE-BILLANCOURT,92,12,1,3.0,Dépendance,0.0,0.0,,
27/02/2020,Vente,480000.0,RUE,77163.0,DAMMARTIN-SUR-TIGEAUX,77,154,0,1.0,Maison,101.0,4.0,T,1394.0
29/01/2020,Vente,40000.0,AV,93600.0,AULNAY SOUS BOIS,93,5,1,2.0,Appartement,24.0,1.0,,
26/11/2021,Vente,150000.0,RUE,33680.0,LACANAU,33,214,1,1.0,Maison,90.0,4.0,,
29/03/2019,Vente,257000.0,RUE,92360.0,MEUDON,92,48,2,2.0,Appartement,90.0,5.0,,
26/01/2021,Vente,250000.0,,26140.0,ANNEYRON,26,10,0,4.0,Local industriel. commercial ou assimilé,396.0,0.0,S,3378.0
21/01/2021,Vente,138000.0,RUE,78955.0,CARRIERES SOUS POISSY,78,123,1,3.0,Dépendance,0.0,0.0,,
06/05/2021,Vente,210000.0,ALL,45650.0,SAINT-JEAN-LE-BLANC,45,286,0,1.0,Maison,75.0,3.0,S,469.0
13/05/2019,Vente,51000.0,IMP,64510.0,ASSAT,64,67,0,1.0,Maison,101.0,5.0,S,589.0
04/04/2019,Vente,146080.0,RUE,85260.0,COPECHAGNIERE (LA),85,72,0,1.0,Maison,79.0,4.0,S,720.0
13/03/2018,Vente,91000.0,AV,69008.0,LYON 8EME,69,388,2,2.0,Appartement,36.0,1.0,,
11/05/2018,Vente,85000.0,RUE,79000.0,NIORT,79,191,0,1.0,Maison,68.0,4.0,S,354.0
03/08/2018,Vente,125000.0,RUE,11000.0,CARCASSONNE,11,69,2,2.0,Appartement,101.0,4.0,,
14/10/2020,Vente,22000.0,RUE,92800.0,PUTEAUX,92,62,1,3.0,Dépendance,0.0,0.0,,
20/06/2019,Vente,165000.0,AV,13011.0,MARSEILLE 11EME,13,211,1,2.0,Appartement,74.0,3.0,,
13/07/2018,Vente,364410.0,RUE,59263.0,HOUPLIN-ANCOISNE,59,316,0,1.0,Maison,112.0,4.0,S,300.0
12/11/2018,Vente,80000.0,BD,44540.0,VALLONS-DE-L'ERDRE,44,180,0,1.0,Maison,72.0,3.0,S,252.0
07/12/2018,Vente,380000.0,RUE,95210.0,ST GRATIEN,95,555,0,1.0,Maison,100.0,5.0,S,261.0
30/10/2019,Vente,15000.0,AV,30000.0,NIMES,30,189,1,3.0,Dépendance,0.0,0.0,,
30/01/2021,Vente,65000.0,AV,80320.0,CHAULNES,80,186,0,1.0,Maison,74.0,5.0,S,102.0
10/04/2018,Vente,148000.0,PL,94470.0,BOISSY-SAINT-LEGER,94,4,2,2.0,Appartement,78.0,4.0,,
16/07/2019,Vente,301000.0,RUE,37550.0,SAINT AVERTIN,37,208,0,1.0,Maison,113.0,6.0,S,638.0
21/08/2020,Vente,48700.0,,32320.0,MONTESQUIOU,32,285,0,1.0,Maison,95.0,4.0,S,7443.0
21/12/2020,Vente,180000.0,RUE,86000.0,POITIERS,86,194,0,1.0,Maison,120.0,4.0,S,71.0
12/09/2019,Vente,654000.0,RUE,75010.0,PARIS 10,75,110,2,2.0,Appartement,54.0,3.0,,
03/08/2021,Vente,505000.0,IMP,30220.0,AIGUES-MORTES,30,3,0,1.0,Maison,77.0,4.0,S,154.0
22/09/2020,Vente,229000.0,,79400.0,SAIVRES,79,302,0,1.0,Maison,164.0,4.0,S,992.0
07/09/2019,Vente,165000.0,RUE,29760.0,PENMARCH,29,158,0,1.0,Maison,154.0,5.0,S,230.0
30/11/2018,Vente,123000.0,RUE,62300.0,ELEU-DIT-LEAUWETTE,62,291,0,1.0,Maison,84.0,4.0,S,441.0
09/06/2020,Vente,291000.0,RUE,92700.0,COLOMBES,92,25,2,2.0,Appartement,60.0,3.0,,
18/12/2020,Vente,92000.0,RUE,47120.0,DURAS,47,86,0,1.0,Maison,56.0,3.0,S,108.0
29/01/2019,Vente,50000.0,RUE,89130.0,LEUGNY,89,221,0,1.0,Maison,66.0,3.0,S,204.0
23/09/2020,Vente,259000.0,VC,14160.0,DIVES-SUR-MER,14,225,1,1.0,Maison,61.0,4.0,,
31/03/2021,Vente,1500000.0,RUE,78150.0,LE CHESNAY-ROCQUENCOURT,78,158,0,1.0,Maison,144.0,9.0,S,370.0
25/06/2019,Vente,305000.0,AV,75011.0,PARIS 11,75,111,1,4.0,Local industriel. commercial ou assimilé,35.0,0.0,,
23/04/2019,Vente,70000.0,RUE,51300.0,VITRY LE FRANCOIS,51,649,0,1.0,Maison,110.0,4.0,S,118.0
01/10/2018,Vente,10000.0,AV,38160.0,SAINT-MARCELLIN,38,416,1,3.0,Dépendance,0.0,0.0,,
19/09/2019,Vente,138240.0,RUE,51500.0,LUDES,51,333,0,1.0,Maison,97.0,6.0,S,354.0
02/07/2021,Vente,44000.0,AV,66000.0,PERPIGNAN,66,136,2,4.0,Local industriel. commercial ou assimilé,70.0,0.0,,
27/01/2020,Vente,318000.0,RUE,17220.0,SAINT-VIVIEN,17,413,0,1.0,Maison,130.0,5.0,S,294.0
29/04/2020,Vente,222000.0,RES,83310.0,COGOLIN,83,42,1,2.0,Appartement,46.0,3.0,,
28/09/2018,Vente,163000.0,RUE,28190.0,ST ARNOULT DES BOIS,28,324,0,1.0,Maison,106.0,4.0,S,764.0
17/12/2021,Vente,2600000.0,RUE,69008.0,LYON 8EME,69,388,0,1.0,Maison,168.0,5.0,S,901.0
05/06/2019,Vente,145000.0,AV,92250.0,LA GARENNE-COLOMBES,92,35,1,4.0,Local industriel. commercial ou assimilé,45.0,0.0,,
13/02/2020,Vente,30000.0,RUE,30210.0,CABRIERES,30,57,0,1.0,Maison,60.0,3.0,S,58.0
11/01/2018,Vente,53000.0,RUE,56320.0,PRIZIAC,56,182,3,1.0,Maison,92.0,3.0,,
06/02/2020,Vente,24554.0,RUE,93220.0,GAGNY,93,32,1,2.0,Appartement,10.0,1.0,,
23/09/2021,Vente,55000.0,PL,13015.0,MARSEILLE 15EME,13,215,1,2.0,Appartement,55.0,3.0,,
23/07/2021,Vente,120000.0,RUE,2800.0,TRAVECY,2,746,0,1.0,Maison,130.0,5.0,S,564.0
20/11/2019,Vente,184000.0,RUE,77300.0,FONTAINEBLEAU,77,186,5,2.0,Appartement,32.0,2.0,,
22/05/2020,Vente,212600.0,RUE,62120.0,WARDRECQUES,62,875,0,1.0,Maison,60.0,1.0,S,453.0
20/06/2020,Vente,292000.0,,83670.0,PONTEVES,83,95,0,1.0,Maison,110.0,4.0,AB,1845.0
30/07/2019,Vente,56500.0,CHEM,37500.0,CHINON,37,72,2,2.0,Appartement,54.0,3.0,,
15/11/2019,Vente,162800.0,RUE,88150.0,CAPAVENIR VOSGES,88,465,0,1.0,Maison,135.0,7.0,S,985.0
27/04/2018,Vente,167800.0,RUE,76000.0,ROUEN,76,540,0,1.0,Maison,72.0,4.0,S,503.0
29/04/2020,Vente,208530.0,RUE,44600.0,SAINT-NAZAIRE,44,184,0,1.0,Maison,71.0,5.0,S,311.0
31/01/2019,Vente,5000.0,RUE,8000.0,CHARLEVILLE-MEZIERES,8,105,1,3.0,Dépendance,0.0,0.0,,
07/03/2018,Vente,185000.0,BD,93300.0,AUBERVILLIERS,93,1,2,4.0,Local industriel. commercial ou assimilé,79.0,0.0,,
18/11/2019,Vente,292000.0,,34290.0,SERVIAN,34,300,0,1.0,Maison,99.0,4.0,S,381.0
23/06/2020,Vente,126220.9,RUE,65000.0,TARBES,65,440,1,4.0,Local industriel. commercial ou assimilé,35.0,0.0,,
02/09/2019,Vente,40000.0,AV,81000.0,ALBI,81,4,1,2.0,Appartement,59.0,3.0,,
15/10/2019,Vente,61000.0,RUE,64000.0,PAU,64,445,2,2.0,Appartement,42.0,2.0,,
18/01/2018,Vente,275500.0,IMP,83260.0,LA CRAU,83,47,0,1.0,Maison,82.0,4.0,S,240.0
26/09/2019,Vente,70000.0,LOT,63380.0,MIREMONT,63,228,0,1.0,Maison,70.0,4.0,S,972.0
30/11/2020,Vente,210000.0,IMP,22400.0,SAINT-ALBAN,22,273,0,1.0,Maison,91.0,4.0,S,582.0
12/11/2020,Vente,135000.0,RUE,49124.0,SAINT-BARTHELEMY-D ANJOU,49,267,1,2.0,Appartement,84.0,4.0,,
28/03/2019,Vente,140000.0,SQ,35200.0,RENNES,35,238,2,2.0,Appartement,82.0,5.0,,
19/10/2018,Vente,60000.0,AV,53940.0,ST BERTHEVIN,53,201,0,1.0,Maison,95.0,4.0,S,70.0
11/12/2019,Vente,83500.0,RUE,2880.0,CUFFIES,2,245,0,1.0,Maison,89.0,5.0,S,750.0
16/03/2019,Vente,133000.0,RUE,80120.0,ARRY,80,30,0,1.0,Maison,80.0,3.0,S,437.0
17/03/2020,Vente,170000.0,RUE,64400.0,OLORON SAINTE MARIE,64,422,0,1.0,Maison,73.0,3.0,S,661.0
11/07/2018,Vente,64000.0,RUE,81100.0,CASTRES,81,65,1,2.0,Appartement,63.0,3.0,,
03/04/2020,Vente,59000.0,RUE,32600.0,L ISLE JOURDAIN,32,160,0,1.0,Maison,58.0,2.0,S,54.0
09/12/2019,Vente,30000.0,BD,83000.0,TOULON,83,137,1,4.0,Local industriel. commercial ou assimilé,20.0,0.0,,
23/07/2021,Vente,86000.0,,71250.0,TAIZE,71,532,0,1.0,Maison,50.0,3.0,S,1177.0
21/01/2020,Vente,379000.0,RUE,75007.0,PARIS 07,75,107,2,2.0,Appartement,26.0,1.0,,
26/02/2021,Vente,159500.0,AV,93330.0,NEUILLY-SUR-MARNE,93,50,3,2.0,Appartement,38.0,3.0,,
25/08/2020,Vente,1200.0,RUE,66000.0,PERPIGNAN,66,136,1,3.0,Dépendance,0.0,0.0,,
07/06/2019,Vente,245000.0,RUE,44800.0,ST-HERBLAIN,44,162,0,1.0,Maison,88.0,5.0,S,220.0
08/11/2019,Vente,211500.0,RUE,28170.0,MAILLEBOIS,28,226,0,1.0,Maison,110.0,5.0,S,359.0
27/08/2019,Vente,65000.0,BD,93100.0,MONTREUIL,93,48,1,2.0,Appartement,18.0,1.0,,
15/05/2020,Vente,419000.0,,13720.0,BELCODENE,13,13,0,1.0,Maison,101.0,4.0,S,1000.0
10/12/2018,Vente,110000.0,RUE,62100.0,CALAIS,62,193,0,1.0,Maison,97.0,5.0,S,75.0
09/05/2019,Vente,197000.0,RUE,69330.0,MEYZIEU,69,282,2,2.0,Appartement,81.0,4.0,,
29/01/2021,Vente,25000.0,RUE,76910.0,CRIEL-SUR-MER,76,192,0,1.0,Maison,45.0,2.0,S,390.0
11/04/2018,Vente,165000.0,BD,13004.0,MARSEILLE 4EME,13,204,1,4.0,Local industriel. commercial ou assimilé,55.0,0.0,,
22/05/2019,Vente,143000.0,RUE,75012.0,PARIS 12,75,112,2,2.0,Appartement,20.0,1.0,,
18/12/2019,Vente,179000.0,RUE,47180.0,SAINTE BAZEILLE,47,233,0,1.0,Maison,88.0,4.0,AB,591.0
13/08/2019,Vente,129900.0,PL,83600.0,FREJUS,83,61,1,2.0,Appartement,29.0,1.0,,
28/05/2019,Vente,22000.0,BD,83250.0,LA LONDE LES MAURES,83,71,1,3.0,Dépendance,0.0,0.0,,
19/12/2018,Vente,180000.0,,12320.0,CONQUES-EN-ROUERGUE,12,76,0,4.0,Local industriel. commercial ou assimilé,500.0,0.0,S,1103.0
29/04/2021,Vente,49000.0,RUE,62640.0,MONTIGNY EN GOHELLE,62,587,0,1.0,Maison,94.0,4.0,S,449.0
14/05/2019,Vente,14500.0,TSSE,13012.0,MARSEILLE 12EME,13,212,1,3.0,Dépendance,0.0,0.0,,
30/10/2020,Vente,115000.0,RUE,51120.0,LACHY,51,313,0,1.0,Maison,80.0,4.0,S,356.0
14/04/2021,Vente,176500.0,RUE,20000.0,AJACCIO,2A,4,2,2.0,Appartement,25.0,1.0,,
03/08/2018,Vente,35000.0,RTE,11800.0,TREBES,11,397,1,2.0,Appartement,69.0,3.0,,
03/02/2020,Vente,150000.0,RUE,72000.0,LE MANS,72,181,0,1.0,Maison,72.0,4.0,S,161.0
20/12/2021,Vente,140000.0,RUE,50800.0,VILLEDIEU-LES-POELES-ROUFFIGNY,50,639,0,1.0,Maison,160.0,6.0,S,445.0
11/12/2020,Vente,179150.0,RUE,62219.0,LONGUENESSE,62,525,0,1.0,Maison,155.0,6.0,S,403.0
26/10/2021,Vente,125000.0,RUE,54700.0,JEZAINVILLE,54,279,0,1.0,Maison,110.0,4.0,S,640.0
16/02/2018,Vente,116000.0,HAM,72370.0,SURFONDS,72,345,0,1.0,Maison,83.0,4.0,S,958.0
09/08/2018,Vente,100000.0,RUE,62860.0,QUEANT,62,673,0,1.0,Maison,95.0,2.0,S,538.0
23/02/2018,Vente,17000.0,RUE,66240.0,ST ESTEVE,66,172,0,1.0,Maison,88.0,4.0,S,325.0
01/03/2018,Vente,96300.0,AV,38200.0,VIENNE,38,544,2,2.0,Appartement,52.0,3.0,,
04/07/2019,Vente,120000.0,RUE,49260.0,EPIEDS,49,131,0,1.0,Maison,150.0,5.0,S,1955.0
28/12/2020,Vente,392510.0,RTE,17550.0,DOLUS-D'OLERON,17,140,0,2.0,Appartement,118.0,4.0,S,486.0
02/03/2018,Vente,465000.0,RUE,92140.0,CLAMART,92,23,7,1.0,Maison,81.0,3.0,,
19/11/2020,Vente,450000.0,RUE,75020.0,PARIS 20,75,120,1,3.0,Dépendance,0.0,0.0,,
13/11/2018,Vente,50365.2,ALL,93390.0,CLICHY SOUS BOIS,93,14,1,3.0,Dépendance,0.0,0.0,,
17/09/2020,Vente,175000.0,RUE,76920.0,AMFREVILLE-LA-MIVOIE,76,5,0,1.0,Maison,60.0,3.0,S,119.0
16/07/2019,Vente,180000.0,RUE,97460.0,SAINT-PAUL,974,15,0,1.0,Maison,71.0,5.0,AB,83.0
28/12/2018,Vente,360000.0,RTE,79510.0,COULON,79,100,0,1.0,Maison,153.0,5.0,S,1839.0
07/09/2018,Vente,140000.0,BD,22100.0,TADEN,22,339,10,4.0,Local industriel. commercial ou assimilé,180.0,0.0,,
17/04/2021,Vente,225000.0,RUE,41500.0,MUIDES SUR LOIRE,41,155,0,1.0,Maison,108.0,3.0,S,1146.0
10/05/2019,Vente,105100.0,ALL,93110.0,ROSNY-SOUS-BOIS,93,64,3,2.0,Appartement,40.0,2.0,,
20/06/2019,Vente,55000.0,RUE,16100.0,COGNAC,16,102,0,1.0,Maison,72.0,3.0,S,104.0
21/12/2021,Vente,269000.0,CHE,77820.0,CHATELET-EN-BRIE (LE),77,100,0,1.0,Maison,88.0,5.0,S,508.0
23/04/2021,Vente,85000.0,RUE,17520.0,SAINT-MARTIAL-SUR-NE,17,364,0,1.0,Maison,108.0,4.0,S,580.0
11/10/2021,Vente,193800.0,RUE,27570.0,TILLIERES SUR AVRE,27,643,0,1.0,Maison,134.0,4.0,S,995.0
17/02/2020,Vente,148000.0,RUE,77500.0,CHELLES,77,108,2,2.0,Appartement,74.0,4.0,,
05/09/2019,Vente,31000.0,BD,77000.0,MELUN,77,288,1,2.0,Appartement,15.0,1.0,,
26/10/2020,Vente,146500.0,ALL,69960.0,CORBAS,69,273,2,2.0,Appartement,54.0,3.0,,
23/07/2019,Vente,250000.0,CHE,97440.0,SAINT-ANDRE,974,9,1,1.0,Maison,84.0,4.0,,
20/03/2020,Vente,290000.0,CHE,95150.0,TAVERNY,95,607,0,1.0,Maison,66.0,2.0,S,621.0
27/02/2019,Vente,213500.0,ALL,62137.0,COULOGNE,62,244,0,1.0,Maison,121.0,5.0,S,284.0
17/07/2019,Vente,400000.0,RUE,75016.0,PARIS 16,75,116,2,2.0,Appartement,40.0,2.0,,
27/03/2018,Vente,146000.0,RUE,14190.0,URVILLE,14,719,0,1.0,Maison,133.0,5.0,S,330.0
15/04/2021,Vente,110000.0,RUE,49100.0,ANGERS,49,7,1,2.0,Appartement,20.0,1.0,,
12/11/2018,Vente,87000.0,,84410.0,BEDOIN,84,17,0,1.0,Maison,79.0,4.0,S,471.0
19/11/2019,Vente,9200.0,RUE,24300.0,NONTRON,24,311,0,1.0,Maison,115.0,6.0,S,94.0
11/12/2020,Vente,344500.0,CHE,38190.0,VILLARD-BONNOT,38,547,0,1.0,Maison,99.0,5.0,S,615.0
22/01/2020,Vente,175000.0,RTE,26210.0,SAINT-SORLIN-EN-VALLOIRE,26,330,0,1.0,Maison,75.0,3.0,S,790.0
12/06/2020,Vente,370000.0,AV,42400.0,SAINT-CHAMOND,42,207,2,4.0,Local industriel. commercial ou assimilé,282.0,0.0,,
06/12/2018,Vente,57000.0,RUE,44000.0,NANTES,44,109,1,2.0,Appartement,16.0,1.0,,
18/02/2021,Vente,75000.0,BD,6000.0,NICE,6,88,1,2.0,Appartement,25.0,1.0,,
21/12/2020,Vente,708.75,RTE,91400.0,SACLAY,91,534,0,4.0,Local industriel. commercial ou assimilé,,,S,135.0
29/01/2018,Vente,124000.0,GR,69009.0,LYON 9EME,69,389,1,2.0,Appartement,52.0,2.0,,
21/02/2020,Vente,250000.0,RUE,77650.0,SOISY-BOUY,77,456,0,1.0,Maison,159.0,4.0,S,586.0
15/04/2019,Vente,170000.0,CHEM,31400.0,TOULOUSE,31,555,2,2.0,Appartement,69.0,3.0,,
02/05/2018,Vente,262000.0,AV,6000.0,NICE,6,88,2,2.0,Appartement,54.0,3.0,,
06/07/2020,Vente,9000.0,RUE,13008.0,MARSEILLE 8EME,13,208,1,3.0,Dépendance,0.0,0.0,,
17/06/2021,Vente,450000.0,RUE,34300.0,AGDE,34,3,1,4.0,Local industriel. commercial ou assimilé,66.0,0.0,,
04/05/2020,Vente,213000.0,RTE,38490.0,AOSTE,38,12,0,1.0,Maison,88.0,4.0,S,873.0
26/07/2019,Vente,127000.0,RUE,35120.0,BAGUER-MORVAN,35,9,0,1.0,Maison,80.0,4.0,S,600.0
12/06/2018,Vente,631000.0,VLA,92270.0,BOIS-COLOMBES,92,9,0,1.0,Maison,84.0,4.0,S,206.0
18/09/2019,Vente,77000.0,RUE,41300.0,SALBRIS,41,232,0,1.0,Maison,100.0,5.0,S,575.0
01/02/2021,Vente,178000.0,RUE,37320.0,SAINT BRANCHS,37,211,0,1.0,Maison,84.0,4.0,S,342.0
29/05/2018,Vente,111500.0,RUE,12000.0,RODEZ,12,202,2,4.0,Local industriel. commercial ou assimilé,140.0,0.0,,
04/12/2019,Vente,115000.0,RUE,30000.0,NIMES,30,189,2,4.0,Local industriel. commercial ou assimilé,110.0,0.0,,
30/03/2021,Vente,166800.0,CHE,13540.0,AIX EN PROVENCE,13,1,1,2.0,Appartement,19.0,1.0,,
26/06/2019,Vente,140000.0,,85320.0,ROSNAY,85,193,0,1.0,Maison,119.0,4.0,S,1048.0
06/03/2018,Vente,176000.0,CHE,6600.0,ANTIBES,6,4,2,2.0,Appartement,46.0,2.0,,
18/02/2021,Vente,41000.0,AV,54320.0,MAXEVILLE,54,357,0,1.0,Maison,85.0,2.0,S,157.0
05/06/2020,Vente,55500.0,RUE,85200.0,FONTENAY-LE-COMTE,85,92,0,1.0,Maison,45.0,2.0,S,44.0
28/02/2019,Vente,200000.0,RUE,60200.0,COMPIEGNE,60,159,0,4.0,Local industriel. commercial ou assimilé,119.0,0.0,S,170.0
14/06/2019,Vente,153000.0,RUE,44460.0,SAINT-NICOLAS-DE-REDON,44,185,0,1.0,Maison,77.0,4.0,S,632.0
05/09/2019,Vente,225000.0,RUE,59000.0,LILLE,59,350,0,1.0,Maison,90.0,5.0,S,141.0
11/05/2021,Vente,205000.0,IMP,85470.0,BREM-SUR-MER,85,243,0,1.0,Maison,59.0,3.0,S,501.0
17/10/2018,Vente,10500.0,ALL,94000.0,CRETEIL,94,28,1,3.0,Dépendance,0.0,0.0,,
31/05/2021,Vente,43000.0,,21360.0,ECUTIGNY,21,243,0,1.0,Maison,70.0,2.0,S,511.0
28/03/2019,Vente,9200.0,RUE,71390.0,BUXY,71,70,1,3.0,Dépendance,0.0,0.0,,
17/11/2018,Vente,155000.0,CHE,64310.0,ASCAIN,64,65,4,4.0,Local industriel. commercial ou assimilé,113.0,0.0,,
28/11/2019,Vente,115000.0,RUE,33400.0,TALENCE,33,522,1,2.0,Appartement,34.0,1.0,,
06/09/2019,Vente,160000.0,RUE,22750.0,SAINT-JACUT-DE-LA-MER,22,302,0,1.0,Maison,40.0,3.0,S,220.0
21/02/2019,Vente,130000.0,RUE,79290.0,VAL EN VIGNES,79,63,0,1.0,Maison,95.0,4.0,S,1236.0
07/06/2018,Vente,70560.0,RUE,45000.0,ORLEANS,45,234,1,2.0,Appartement,30.0,2.0,,
28/12/2018,Vente,343450.0,ALL,33700.0,MERIGNAC,33,281,0,4.0,Local industriel. commercial ou assimilé,110.0,0.0,S,400.0
18/07/2019,Vente,272000.0,IMP,91410.0,CORBREUSE,91,175,0,1.0,Maison,113.0,4.0,S,587.0
01/10/2019,Vente,230000.0,RUE,31140.0,ST ALBAN,31,467,0,1.0,Maison,77.0,4.0,S,585.0
20/04/2018,Vente,60000.0,RUE,75016.0,PARIS 16,75,116,1,3.0,Dépendance,0.0,0.0,,
04/09/2018,Vente,254900.0,IMP,38210.0,MORETTE,38,263,0,1.0,Maison,98.0,4.0,S,419.0
28/01/2019,Vente,330000.0,RUE,95390.0,SAINT-PRIX,95,574,0,1.0,Maison,102.0,4.0,S,665.0
26/04/2019,Vente,180000.0,RUE,30000.0,NIMES,30,189,1,4.0,Local industriel. commercial ou assimilé,450.0,0.0,,
15/02/2021,Vente,250000.0,AV,74000.0,ANNECY,74,10,3,4.0,Local industriel. commercial ou assimilé,125.0,0.0,,
18/09/2018,Vente,280000.0,RUE,97412.0,BRAS-PANON,974,2,0,1.0,Maison,125.0,4.0,AB,490.0
14/06/2019,Vente,145000.0,RUE,60220.0,CANNY SUR THERAIN,60,128,0,1.0,Maison,60.0,1.0,S,900.0
07/01/2020,Vente,130000.0,AV,29300.0,QUIMPERLE,29,233,0,1.0,Maison,81.0,5.0,S,536.0
19/11/2018,Vente,70000.0,RUE,25340.0,ANTEUIL,25,18,0,1.0,Maison,89.0,5.0,S,1200.0
13/08/2018,Vente,116500.0,RUE,62120.0,AIRE-SUR-LA-LYS,62,14,0,1.0,Maison,131.0,5.0,S,258.0
20/07/2020,Vente,145000.0,LOT,17460.0,BERNEUIL,17,44,0,1.0,Maison,85.0,4.0,S,478.0
31/08/2020,Vente,75158.0,RUE,44300.0,NANTES,44,109,1,2.0,Appartement,23.0,1.0,,
19/02/2021,Vente,127500.0,RUE,62158.0,SAULTY,62,784,0,1.0,Maison,127.0,5.0,S,1060.0
30/01/2018,Vente,215000.0,RUE,93220.0,GAGNY,93,32,2,4.0,Local industriel. commercial ou assimilé,35.0,0.0,,
28/02/2019,Vente,137000.0,RUE,70290.0,PLANCHER-BAS,70,413,0,1.0,Maison,80.0,4.0,S,514.0
20/12/2019,Vente,28000.0,RUE,22110.0,ROSTRENEN,22,266,0,1.0,Maison,103.0,4.0,S,223.0
25/07/2018,Vente,97500.0,AV,25000.0,BESANCON,25,56,2,2.0,Appartement,65.0,3.0,,
19/11/2019,Vente,162600.0,RUE,45000.0,ORLEANS,45,234,1,2.0,Appartement,48.0,2.0,,
06/11/2020,Vente,69000.0,,89500.0,EGRISELLES LE BOCAGE,89,151,0,1.0,Maison,61.0,3.0,AB,600.0
23/11/2019,Vente,179000.0,RUE,2210.0,MURET ET CROUTTES,2,533,0,1.0,Maison,126.0,6.0,S,280.0
26/01/2018,Vente,80000.0,GR,84110.0,SABLET,84,104,0,1.0,Maison,60.0,3.0,S,60.0
05/04/2019,Vente en l'état futur d'achèvement,172000.0,RUE,59000.0,LILLE,59,350,1,2.0,Appartement,46.0,2.0,,
24/11/2021,Vente,773000.0,RUE,85190.0,AIZENAY,85,3,0,1.0,Maison,60.0,2.0,S,119.0
19/10/2018,Vente,289000.0,AV,69007.0,LYON 7EME,69,387,1,2.0,Appartement,79.0,2.0,,
16/12/2020,Vente,15000.0,RUE,49740.0,LA ROMAGNE,49,260,0,3.0,Dépendance,0.0,0.0,S,52.0
18/09/2019,Vente,139800.0,RUE,39570.0,MONTAIGU,39,348,0,1.0,Maison,56.0,2.0,S,68.0
25/03/2021,Vente,190000.0,ALL,27180.0,ST SEBASTIEN DE MORSENT,27,602,0,1.0,Maison,95.0,4.0,S,296.0
04/09/2019,Vente,845600.0,AV,93160.0,NOISY-LE-GRAND,93,51,1,3.0,Dépendance,0.0,0.0,,
15/10/2021,Vente,330000.0,RUE,75001.0,PARIS 01,75,101,1,2.0,Appartement,21.0,1.0,,
11/01/2018,Adjudication,80000.0,BD,54520.0,LAXOU,54,304,2,2.0,Appartement,52.0,3.0,,
30/11/2021,Vente,84000.0,PL,6130.0,GRASSE,6,69,1,2.0,Appartement,47.0,2.0,,
15/02/2018,Vente,65000.0,RUE,62960.0,LAIRES,62,485,0,1.0,Maison,74.0,3.0,S,225.0
23/09/2021,Vente,125000.0,RUE,77730.0,CITRY,77,117,0,1.0,Maison,80.0,4.0,S,110.0
12/06/2018,Vente,606550.0,RUE,75018.0,PARIS 18,75,118,3,2.0,Appartement,76.0,3.0,,
17/02/2020,Vente,290000.0,,56550.0,LOCOAL-MENDON,56,119,0,1.0,Maison,85.0,5.0,S,1100.0
13/07/2018,Vente,265000.0,AV,31500.0,TOULOUSE,31,555,0,1.0,Maison,53.0,3.0,S,389.0
05/02/2021,Vente,300000.0,RUE,95540.0,MERY-SUR-OISE,95,394,1,1.0,Maison,87.0,3.0,,
14/02/2018,Vente,30000.0,,89140.0,VILLETHIERRY,89,467,0,3.0,Dépendance,0.0,0.0,S,156.0
19/03/2018,Vente,5000.0,RUE,59140.0,DUNKERQUE,59,183,1,3.0,Dépendance,0.0,0.0,,
24/09/2019,Vente,221000.0,RUE,59320.0,EMMERIN,59,193,0,1.0,Maison,84.0,5.0,S,334.0
03/01/2020,Vente,50000.0,RUE,59252.0,MARCQ-EN-OSTREVENT,59,379,0,1.0,Maison,101.0,3.0,S,166.0
05/10/2019,Vente,125000.0,,27390.0,MONTREUIL-L'ARGILLE,27,414,0,1.0,Maison,88.0,5.0,S,831.0
06/11/2018,Vente,65100.0,RUE,79100.0,THOUARS,79,329,0,1.0,Maison,65.0,3.0,S,252.0
31/01/2020,Vente,300000.0,RTE,30128.0,GARONS,30,125,0,4.0,Local industriel. commercial ou assimilé,560.0,0.0,S,2105.0
29/04/2021,Vente,280300.0,RUE,45160.0,OLIVET,45,232,0,1.0,Maison,186.0,6.0,S,607.0
20/12/2021,Vente,35000.0,RUE,31300.0,TOULOUSE,31,555,1,3.0,Dépendance,0.0,0.0,,
08/01/2021,Vente,88000.0,RUE,54830.0,VENNEZEY,54,561,0,1.0,Maison,100.0,4.0,S,998.0
19/07/2018,Vente,245000.0,CHE,62250.0,LEUBRINGHEN,62,503,0,1.0,Maison,106.0,4.0,S,1100.0
18/09/2018,Vente,75000.0,RUE,6140.0,VENCE,6,157,2,2.0,Appartement,56.0,3.0,,
07/10/2021,Vente,266000.0,RUE,91410.0,DOURDAN,91,200,0,1.0,Maison,82.0,4.0,S,143.0
09/04/2021,Vente,173800.0,ALL,1340.0,ATTIGNAT,1,24,0,1.0,Maison,94.0,5.0,S,654.0
17/07/2018,Adjudication,29000.0,RUE,2450.0,BOUE,2,103,0,1.0,Maison,86.0,3.0,S,993.0
29/07/2020,Vente,70000.0,PASS,36200.0,ARGENTON-SUR-CREUSE,36,6,0,1.0,Maison,61.0,3.0,S,971.0
22/09/2021,Vente,88000.0,,9300.0,CARLA-DE-ROQUEFORT,9,80,0,1.0,Maison,120.0,5.0,S,77.0
21/08/2019,Vente,25000.0,GR,37340.0,RILLE,37,198,0,1.0,Maison,40.0,2.0,S,420.0
15/11/2018,Vente,100.0,RUE,75011.0,PARIS 11,75,111,1,2.0,Appartement,23.0,2.0,,
23/07/2018,Vente,90000.0,AV,34920.0,LE CRES,34,90,2,2.0,Appartement,27.0,1.0,,
27/07/2021,Vente,242750.0,RUE,34140.0,MEZE,34,157,0,1.0,Maison,88.0,5.0,S,186.0
26/10/2020,Vente,208000.0,CHE,81290.0,LABRUGUIERE,81,120,0,1.0,Maison,128.0,5.0,S,985.0
07/10/2020,Vente,170000.0,RUE,49000.0,ECOUFLANT,49,129,0,1.0,Maison,106.0,6.0,S,440.0
16/07/2019,Vente,340000.0,RUE,25500.0,MONTLEBON,25,403,0,1.0,Maison,115.0,4.0,S,1350.0
26/02/2021,Vente,33000.0,PL,22540.0,TREGLAMUS,22,354,0,1.0,Maison,31.0,1.0,S,100.0
30/10/2018,Echange,90000.0,IMP,66400.0,CERET,66,49,0,1.0,Maison,72.0,4.0,S,257.0
12/04/2019,Vente,176000.0,RUE,44340.0,BOUGUENAIS,44,20,0,1.0,Maison,73.0,3.0,S,519.0
03/06/2021,Vente,95000.0,RUE,30900.0,NIMES,30,189,2,2.0,Appartement,84.0,4.0,,
29/06/2021,Vente,180000.0,RUE,41210.0,SAINT VIATRE,41,231,0,1.0,Maison,103.0,4.0,S,803.0
16/05/2019,Vente,190000.0,RUE,85260.0,BROUZILS (LES),85,38,0,1.0,Maison,121.0,6.0,S,840.0
26/03/2021,Vente,260000.0,ALL,44250.0,SAINT BREVIN LES PINS,44,154,0,1.0,Maison,68.0,3.0,S,401.0
28/03/2018,Vente,130650.0,RUE,74380.0,NANGY,74,197,1,2.0,Appartement,46.0,2.0,,
27/08/2020,Vente,57000.0,RUE,58200.0,POUGNY,58,213,0,1.0,Maison,52.0,3.0,S,186.0
04/02/2019,Vente,88500.0,RUE,83200.0,TOULON,83,137,1,2.0,Appartement,48.0,3.0,,
29/03/2018,Vente,95000.0,RUE,88110.0,CELLES-SUR-PLAINE,88,82,0,1.0,Maison,74.0,3.0,S,343.0
28/12/2021,Vente,10000.0,RUE,59650.0,VILLENEUVE-D'ASCQ,59,9,1,3.0,Dépendance,0.0,0.0,,
02/03/2020,Vente,180000.0,IMP,84110.0,VAISON-LA-ROMAINE,84,137,0,1.0,Maison,70.0,5.0,S,574.0
10/01/2020,Vente,300000.0,RUE,69100.0,VILLEURBANNE,69,266,2,2.0,Appartement,77.0,4.0,,
16/10/2019,Vente,482000.0,AV,44500.0,LA BAULE-ESCOUBLAC,44,55,0,1.0,Maison,109.0,4.0,S,1116.0
11/06/2021,Vente,250000.0,,1270.0,COLIGNY,1,108,0,1.0,Maison,110.0,3.0,S,572.0
29/10/2021,Vente,58550.0,,39210.0,NEVY-SUR-SEILLE,39,388,0,1.0,Maison,35.0,1.0,AG,439.0
09/02/2018,Vente,239000.0,RUE,42600.0,MONTBRISON,42,147,0,1.0,Maison,128.0,6.0,S,212.0
02/08/2019,Vente,214000.0,RUE,71870.0,LAIZE,71,250,0,1.0,Maison,114.0,5.0,S,191.0
28/02/2018,Vente,243000.0,,73340.0,ARITH,73,20,0,1.0,Maison,88.0,3.0,S,839.0
08/02/2019,Vente,72500.0,RUE,75016.0,PARIS 16,75,116,1,3.0,Dépendance,0.0,0.0,,
11/06/2020,Vente,680230.0,RUE,74000.0,ANNECY,74,10,2,2.0,Appartement,113.0,4.0,,
15/01/2021,Vente,1059500.0,BD,75015.0,PARIS 15,75,115,2,2.0,Appartement,61.0,3.0,,
17/10/2019,Vente,350000.0,RUE,59200.0,TOURCOING,59,599,0,3.0,Dépendance,0.0,0.0,AB,12.0
19/01/2018,Vente,190000.0,LOT,64800.0,PARDIES PIETAT,64,444,0,1.0,Maison,106.0,5.0,S,999.0
09/02/2018,Vente,47000.0,RUE,17300.0,ROCHEFORT,17,299,1,2.0,Appartement,50.0,2.0,,
30/03/2021,Vente,345000.0,RUE,95470.0,FOSSES,95,250,0,1.0,Maison,90.0,3.0,S,618.0
08/09/2020,Vente,120000.0,RUE,42630.0,SAINT-VICTOR-SUR-RHINS,42,293,0,1.0,Maison,320.0,9.0,S,739.0
11/06/2020,Vente,120000.0,PL,42300.0,ROANNE,42,187,2,2.0,Appartement,119.0,4.0,,
04/06/2020,Vente,93000.0,RUE,56700.0,HENNEBONT,56,83,0,1.0,Maison,105.0,4.0,S,193.0
02/01/2018,Vente,11000.0,BD,78300.0,POISSY,78,498,1,3.0,Dépendance,0.0,0.0,,
04/12/2018,Vente,23750.0,RTE,19160.0,NEUVIC,19,148,0,1.0,Maison,48.0,3.0,S,232.0
13/04/2021,Vente,300000.0,IMP,38290.0,LA VERPILLIERE,38,537,0,1.0,Maison,110.0,4.0,S,889.0
10/02/2020,Vente,63240.0,BD,83100.0,TOULON,83,137,1,4.0,Local industriel. commercial ou assimilé,19.0,0.0,,
02/08/2019,Vente,299000.0,,73170.0,SAINT PAUL SUR YENNE,73,269,0,1.0,Maison,118.0,4.0,S,1013.0
14/10/2019,Vente,140000.0,AV,54680.0,CRUSNES,54,149,0,1.0,Maison,77.0,3.0,S,300.0
02/07/2020,Vente,690000.0,RUE,75009.0,PARIS 09,75,109,2,2.0,Appartement,55.0,2.0,,
04/12/2020,Vente,60000.0,RUE,49260.0,LE PUY-NOTRE-DAME,49,253,0,1.0,Maison,70.0,3.0,S,454.0
13/10/2018,Vente,58500.0,VC,14390.0,CABOURG,14,117,1,2.0,Appartement,27.0,2.0,,
13/04/2019,Vente,64600.0,RUE,17300.0,ROCHEFORT,17,299,3,2.0,Appartement,54.0,2.0,,
16/11/2018,Vente,19000.0,RUE,6000.0,NICE,6,88,1,3.0,Dépendance,0.0,0.0,,
06/02/2018,Vente,47000.0,,46200.0,LACHAPELLE-AUZAC,46,145,0,1.0,Maison,36.0,3.0,S,150.0
31/03/2021,Vente,405000.0,RUE,21490.0,SAINT JULIEN,21,555,0,1.0,Maison,144.0,5.0,S,405.0
03/10/2020,Vente,130000.0,RUE,76360.0,BARENTIN,76,57,0,1.0,Maison,98.0,6.0,S,160.0
14/02/2020,Vente,73129.0,RUE,13001.0,MARSEILLE 1ER,13,201,1,2.0,Appartement,22.0,1.0,,
20/05/2020,Vente,270000.0,,8430.0,BAALONS,8,41,0,1.0,Maison,221.0,8.0,S,1927.0
09/07/2021,Vente,163300.0,RUE,42000.0,SAINT-ETIENNE,42,218,2,2.0,Appartement,100.0,3.0,,
12/07/2021,Vente,115000.0,RUE,11360.0,FRAISSE DES CORBIERES,11,157,0,1.0,Maison,64.0,3.0,S,67.0
15/09/2020,Vente,130000.0,AV,6000.0,NICE,6,88,1,2.0,Appartement,30.0,1.0,,
23/04/2019,Vente,49000.0,RUE,72000.0,LE MANS,72,181,1,2.0,Appartement,36.0,1.0,,
30/03/2018,Vente,50000.0,IMP,16800.0,SOYAUX,16,374,0,1.0,Maison,75.0,5.0,S,311.0
25/09/2018,Vente,430000.0,RUE,75001.0,PARIS 01,75,101,1,2.0,Appartement,34.0,1.0,,
25/04/2018,Vente,240000.0,RUE,75020.0,PARIS 20,75,120,1,2.0,Appartement,33.0,2.0,,
21/01/2019,Vente,150000.0,RUE,28150.0,OUARVILLE,28,291,0,1.0,Maison,63.0,4.0,S,943.0
18/07/2019,Vente,174000.0,RUE,74100.0,ANNEMASSE,74,12,2,2.0,Appartement,66.0,3.0,,
20/06/2018,Vente,90000.0,IMP,44680.0,SAINTE PAZANNE,44,186,0,1.0,Maison,62.0,2.0,S,162.0
25/10/2019,Vente,168000.0,RUE,14640.0,VILLERS-SUR-MER,14,754,2,2.0,Appartement,60.0,3.0,,
25/10/2018,Vente,185000.0,BD,17110.0,SAINT-GEORGES-DE-DIDONNE,17,333,2,2.0,Appartement,72.0,3.0,,
06/11/2018,Vente,30000.0,,31210.0,MONTREJEAU,31,390,0,1.0,Maison,92.0,5.0,S,1500.0
28/08/2020,Vente,140380.0,PL,11170.0,CARLIPA,11,70,0,1.0,Maison,140.0,5.0,S,88.0
04/10/2019,Vente,115000.0,,47500.0,CONDEZAYGUES,47,70,0,1.0,Maison,93.0,3.0,S,804.0
20/03/2019,Vente,225200.0,RUE,1120.0,DAGNEUX,1,142,0,1.0,Maison,89.0,5.0,S,229.0
23/08/2018,Vente,163500.0,RUE,39100.0,GEVRY,39,252,0,1.0,Maison,104.0,4.0,S,993.0
20/02/2018,Vente,243000.0,RUE,34130.0,LANSARGUES,34,127,2,2.0,Appartement,105.0,4.0,,
25/03/2019,Vente,170000.0,RUE,62500.0,SAINT OMER,62,765,0,3.0,Dépendance,0.0,0.0,S,22.0
11/01/2018,Vente,126000.0,BD,28800.0,BONNEVAL,28,51,0,1.0,Maison,97.0,5.0,S,568.0
23/11/2021,Vente,115560.0,RUE,22370.0,PLENEUF-VAL-ANDRE,22,186,1,4.0,Local industriel. commercial ou assimilé,32.0,0.0,,
04/12/2018,Vente,215000.0,RUE,75018.0,PARIS 18,75,118,2,2.0,Appartement,24.0,2.0,,
09/06/2020,Vente,60000.0,RUE,22000.0,SAINT-BRIEUC,22,278,2,4.0,Local industriel. commercial ou assimilé,45.0,0.0,,
03/07/2018,Vente,202000.0,RUE,14390.0,VARAVILLE,14,724,0,1.0,Maison,77.0,4.0,S,309.0
07/07/2018,Vente,65000.0,RUE,62118.0,FAMPOUX,62,323,0,1.0,Maison,57.0,2.0,S,140.0
29/04/2019,Vente,147750.0,RUE,38500.0,VOIRON,38,563,2,2.0,Appartement,84.0,4.0,,
02/08/2019,Vente,212000.0,AV,6000.0,NICE,6,88,2,2.0,Appartement,50.0,2.0,,
18/05/2020,Vente,96000.0,RTE,62320.0,DROCOURT,62,277,0,1.0,Maison,78.0,5.0,S,350.0
29/10/2018,Vente,170000.0,RUE,75011.0,PARIS 11,75,111,2,2.0,Appartement,23.0,1.0,,
29/05/2019,Vente,139000.0,RUE,59110.0,LA MADELEINE,59,368,1,2.0,Appartement,48.0,2.0,,
04/10/2019,Vente,259990.0,CHE,14710.0,TREVIERES,14,711,0,3.0,Dépendance,0.0,0.0,S,40.0
16/04/2021,Vente,530000.0,AV,93250.0,VILLEMOMBLE,93,77,0,1.0,Maison,96.0,5.0,S,426.0
23/09/2019,Vente,165000.0,RUE,33400.0,TALENCE,33,522,1,3.0,Dépendance,0.0,0.0,,
09/02/2019,Vente,123000.0,,31230.0,COUEILLES,31,152,0,1.0,Maison,71.0,5.0,S,511.0
05/09/2018,Vente,160000.0,RUE,40465.0,PONTONX-SUR-L ADOUR,40,230,0,1.0,Maison,75.0,3.0,S,800.0
23/10/2020,Vente,45000.0,RUE,87310.0,SAINT-AUVENT,87,135,0,1.0,Maison,55.0,2.0,S,209.0
26/03/2018,Vente,132000.0,RUE,93500.0,PANTIN,93,55,1,2.0,Appartement,26.0,1.0,,
31/08/2021,Vente,445133.0,RUE,13510.0,EGUILLES,13,32,0,1.0,Maison,110.0,4.0,S,266.0
21/02/2020,Vente,114450.0,RUE,52000.0,CHAUMONT,52,121,0,1.0,Maison,68.0,4.0,S,461.0
05/08/2020,Vente,530000.0,RUE,94120.0,FONTENAY-SOUS-BOIS,94,33,0,1.0,Maison,72.0,3.0,S,260.0
18/12/2019,Vente,128000.0,RUE,25230.0,SELONCOURT,25,539,0,1.0,Maison,77.0,5.0,S,800.0
26/07/2018,Vente,460000.0,RUE,75018.0,PARIS 18,75,118,2,2.0,Appartement,78.0,3.0,,
17/11/2020,Vente,60165.0,RUE,49500.0,SEGRE-EN-ANJOU BLEU,49,331,0,1.0,Maison,87.0,4.0,S,157.0
04/03/2021,Vente,32200.0,VAL,54240.0,JOEUF,54,280,3,2.0,Appartement,64.0,4.0,,
06/02/2020,Vente,39000.0,TRA,83300.0,DRAGUIGNAN,83,50,1,2.0,Appartement,26.0,1.0,,
12/07/2021,Vente,170000.0,QUAI,77670.0,SAINT-MAMMES,77,419,0,1.0,Maison,40.0,3.0,S,52.0
14/05/2018,Vente,26000.0,RTE,42670.0,ECOCHE,42,86,0,1.0,Maison,70.0,2.0,S,49.0
14/10/2020,Vente,17000.0,SQ,95110.0,SANNOIS,95,582,1,3.0,Dépendance,0.0,0.0,,
23/03/2018,Vente,91500.0,AV,10100.0,ROMILLY SUR SEINE,10,323,0,1.0,Maison,84.0,4.0,S,600.0
02/11/2021,Vente,270000.0,CRS,33640.0,ARBANATS,33,7,0,1.0,Maison,90.0,4.0,S,680.0
01/03/2019,Vente,225000.0,RUE,34990.0,JUVIGNAC,34,123,0,1.0,Maison,102.0,5.0,S,198.0
06/06/2018,Vente,202000.0,RUE,59267.0,PROVILLE,59,476,0,1.0,Maison,111.0,5.0,S,701.0
27/08/2020,Vente,160000.0,RUE,33430.0,BAZAS,33,36,0,1.0,Maison,70.0,3.0,S,361.0
30/09/2019,Vente,28000.0,PL,54180.0,HEILLECOURT,54,257,0,1.0,Maison,30.0,2.0,S,35.0
24/07/2018,Vente,212000.0,RUE,59440.0,AVESNES-SUR-HELPE,59,36,0,1.0,Maison,95.0,4.0,S,754.0
02/07/2018,Vente,271000.0,RUE,33290.0,BLANQUEFORT,33,56,0,1.0,Maison,95.0,4.0,S,424.0
29/10/2018,Vente,55000.0,RUE,19430.0,CAMPS-SAINT-MATHURIN-LEOBAZEL,19,34,0,1.0,Maison,76.0,3.0,S,390.0
18/12/2018,Vente,14000.0,RUE,92370.0,CHAVILLE,92,22,1,3.0,Dépendance,0.0,0.0,,
04/01/2018,Vente,64700.0,RUE,8110.0,BLAGNY,8,67,0,1.0,Maison,116.0,4.0,S,462.0
28/06/2021,Vente,238000.0,RUE,51100.0,REIMS,51,454,1,2.0,Appartement,90.0,4.0,,
26/04/2018,Vente,177500.0,RUE,95130.0,FRANCONVILLE LA GARENNE,95,252,2,2.0,Appartement,68.0,4.0,,
13/02/2018,Vente,91200.0,RUE,30730.0,MONTPEZAT,30,182,0,1.0,Maison,71.0,3.0,S,1150.0
04/05/2021,Vente,55000.0,,43500.0,BOISSET,43,34,0,1.0,Maison,66.0,3.0,S,100.0
26/06/2018,Vente,90000.0,IMP,34340.0,MARSEILLAN,34,150,0,1.0,Maison,67.0,3.0,S,43.0
22/02/2018,Vente,425000.0,AV,94700.0,MAISONS-ALFORT,94,46,0,1.0,Maison,67.0,3.0,S,157.0
23/01/2018,Vente,152000.0,,35890.0,LAILLE,35,139,0,1.0,Maison,126.0,6.0,S,686.0
03/09/2021,Vente,220000.0,RUE,75005.0,PARIS 05,75,105,2,2.0,Appartement,22.0,1.0,,
23/03/2018,Vente,15000.0,RTE,46600.0,MONTVALENT,46,208,0,1.0,Maison,87.0,4.0,S,218.0
06/03/2021,Vente,229000.0,,48500.0,MASSEGROS CAUSSES GORGES,48,94,0,1.0,Maison,86.0,3.0,S,580.0
06/08/2021,Vente,381850.0,,13980.0,ALLEINS,13,3,0,1.0,Maison,122.0,6.0,S,1455.0
28/03/2018,Vente,130000.0,RUE,13005.0,MARSEILLE 5EME,13,205,2,2.0,Appartement,37.0,2.0,,
05/03/2020,Vente,224000.0,VC,83250.0,LA LONDE LES MAURES,83,71,0,3.0,Dépendance,0.0,0.0,S,14.0
15/09/2021,Vente,220828.0,RUE,66280.0,SALEILLES,66,189,0,1.0,Maison,93.0,4.0,S,250.0
25/10/2018,Vente,273000.0,BD,93600.0,AULNAY SOUS BOIS,93,5,0,1.0,Maison,52.0,3.0,S,400.0
03/10/2018,Vente,142450.0,RUE,10000.0,TROYES,10,387,1,2.0,Appartement,103.0,3.0,,
25/02/2020,Vente,285000.0,AV,75012.0,PARIS 12,75,112,1,2.0,Appartement,32.0,2.0,,
10/05/2019,Vente,108000.0,CHE,41190.0,VALENCISSE,41,142,0,1.0,Maison,107.0,4.0,S,582.0
05/03/2020,Vente,145000.0,CHE,1310.0,POLLIAT,1,301,0,1.0,Maison,120.0,4.0,S,2211.0
09/11/2020,Vente,112500.0,RUE,59141.0,IWUY,59,322,0,1.0,Maison,89.0,5.0,S,225.0
31/08/2021,Vente,280800.0,RUE,13110.0,PORT DE BOUC,13,77,0,1.0,Maison,75.0,4.0,S,169.0
24/06/2021,Vente,280250.0,RUE,29100.0,DOUARNENEZ,29,46,0,1.0,Maison,128.0,4.0,S,279.0
13/10/2021,Vente,3500.0,RUE,33000.0,BORDEAUX,33,63,1,3.0,Dépendance,0.0,0.0,,
20/06/2020,Vente,115400.0,RUE,14510.0,HOULGATE,14,338,1,2.0,Appartement,35.0,1.0,,
25/07/2019,Vente,240000.0,RUE,35600.0,REDON,35,236,5,4.0,Local industriel. commercial ou assimilé,554.0,0.0,,
13/04/2021,Vente,150000.0,RUE,21120.0,LUX,21,361,0,1.0,Maison,112.0,3.0,S,519.0
09/01/2019,Vente,47000.0,RUE,59240.0,DUNKERQUE,59,183,2,2.0,Appartement,50.0,2.0,,
22/07/2021,Vente en l'état futur d'achèvement,204120.0,,74700.0,SALLANCHES,74,256,1,4.0,Local industriel. commercial ou assimilé,40.0,0.0,,
31/01/2019,Vente,108000.0,RUE,83440.0,MONTAUROUX,83,81,0,1.0,Maison,54.0,2.0,S,38.0
07/04/2020,Vente,185000.0,RUE,84300.0,CAVAILLON,84,35,1,2.0,Appartement,70.0,3.0,,
10/12/2020,Vente,255000.0,RUE,75015.0,PARIS 15,75,115,2,2.0,Appartement,23.0,1.0,,
06/05/2021,Vente,200000.0,RUE,93300.0,AUBERVILLIERS,93,1,1,2.0,Appartement,56.0,3.0,,
20/06/2018,Vente,180000.0,BD,44230.0,ST SEBASTIEN SUR LOIRE,44,190,1,3.0,Dépendance,0.0,0.0,,
04/09/2019,Vente,127000.0,RTE,31260.0,HIS,31,237,0,3.0,Dépendance,0.0,0.0,S,245.0
26/06/2019,Vente,943000.0,RUE,92250.0,LA GARENNE-COLOMBES,92,35,5,2.0,Appartement,171.0,6.0,,
24/11/2018,Vente,213000.0,GR,10190.0,MESSON,10,240,0,1.0,Maison,115.0,5.0,S,909.0
30/03/2019,Vente,25000.0,,9110.0,ASCOU,9,23,0,4.0,Local industriel. commercial ou assimilé,50.0,0.0,S,120.0
17/09/2020,Vente,135000.0,RUE,66000.0,PERPIGNAN,66,136,0,1.0,Maison,94.0,4.0,S,157.0
31/10/2018,Vente,188000.0,RTE,76430.0,GRAIMBOUVILLE,76,314,2,1.0,Maison,100.0,5.0,,
04/09/2018,Vente,322200.0,LOT,84250.0,LE THOR,84,132,0,1.0,Maison,100.0,4.0,S,746.0
16/09/2019,Vente,140000.0,RUE,64400.0,OLORON SAINTE MARIE,64,422,0,1.0,Maison,134.0,4.0,S,150.0
15/09/2020,Vente,85500.0,RUE,49000.0,ANGERS,49,7,2,2.0,Appartement,21.0,1.0,,
16/10/2019,Vente,400000.0,PL,56000.0,VANNES,56,260,1,2.0,Appartement,82.0,2.0,,
25/10/2018,Vente,371445.0,RUE,92310.0,SEVRES,92,72,0,1.0,Maison,45.0,3.0,S,117.0
25/01/2019,Vente,269000.0,RUE,93200.0,SAINT-DENIS,93,66,1,2.0,Appartement,73.0,3.0,,
18/06/2019,Vente,480000.0,RUE,35510.0,CESSON-SEVIGNE,35,51,0,1.0,Maison,213.0,8.0,S,930.0
23/07/2020,Vente,40000.0,,86120.0,POUANCAY,86,196,0,4.0,Local industriel. commercial ou assimilé,,,S,597.0
01/03/2018,Vente,78000.0,ALL,66140.0,CANET EN ROUSSILLON,66,37,1,2.0,Appartement,32.0,2.0,,
26/10/2020,Vente,234000.0,PL,83910.0,POURRIERES,83,97,0,1.0,Maison,83.0,3.0,S,80.0
04/04/2018,Vente,1100000.0,AV,75017.0,PARIS 17,75,117,2,2.0,Appartement,108.0,4.0,,
12/06/2020,Vente,313700.0,RUE,34730.0,PRADES-LE-LEZ,34,217,0,1.0,Maison,90.0,4.0,S,250.0
10/09/2018,Vente,118000.0,RUE,6000.0,NICE,6,88,1,2.0,Appartement,37.0,2.0,,
